case_id,customer_id,reason,source,amount_inr,priority,payment_method,retry_count,hours_since_fail,paid_eventually,historical_recovery_rate,retry_history_count,merchant_id,payment_success_rate,payment_failure_rate,avg_payment_delay,subscription_age_months,lifetime_value,avg_order_value,days_since_last_activity,history_payment_count
case_syn_0522,cust_syn_0045,card_expired,PAYMENT,3727.51,MEDIUM,card,1,35,0,0.3333,3,acc_syn_training,0.6774,0.3226,24.7,12,37969.89,1808.09,41,31
case_syn_0738,cust_syn_0587,invoice.expired,INVOICE,19813.04,HIGH,invoice,0,50,0,0.0,2,acc_syn_training,0.3333,0.6667,35.47,6,7280.2,1820.05,24,12
case_syn_0741,cust_syn_0787,invoice.expired,INVOICE,10906.41,HIGH,invoice,1,27,0,0.0,0,acc_syn_training,0.7,0.3,71.0,12,30333.45,1444.45,16,30
case_syn_0661,cust_syn_0945,subscription.halted,SUBSCRIPTION,1112.77,HIGH,card,3,20,0,0.4286,2,acc_syn_training,0.8276,0.1724,14.51,6,29803.68,1241.82,19,29
case_syn_0412,cust_syn_0657,insufficient_funds,PAYMENT,1552.06,MEDIUM,upi,1,72,0,0.0,0,acc_syn_training,0.7778,0.2222,41.01,3,47144.58,3367.47,15,18
case_syn_0679,cust_syn_0704,subscription.halted,SUBSCRIPTION,1442.68,HIGH,card,3,55,0,1.0,3,acc_syn_training,0.4688,0.5312,10.61,12,21679.95,1445.33,43,32
case_syn_0627,cust_syn_0179,subscription.pending,SUBSCRIPTION,1944.09,MEDIUM,card,1,7,0,0.0,5,acc_syn_training,0.5,0.5,62.64,6,17284.6,3456.92,2,10
case_syn_0514,cust_syn_0514,card_expired,PAYMENT,4437.99,MEDIUM,card,0,48,0,0.0,0,acc_syn_training,0.7778,0.2222,22.23,18,24046.47,1145.07,43,27
case_syn_0860,cust_syn_0338,checkout.abandoned,CHECKOUT_SESSION,2051.24,MEDIUM,card,0,0,0,0.25,5,acc_syn_training,0.9375,0.0625,11.67,12,60908.7,4060.58,40,16
case_syn_0137,cust_syn_0823,card_not_enrolled,PAYMENT,3938.77,HIGH,card,0,7,0,0.3333,5,acc_syn_training,0.7143,0.2857,66.13,0,24621.6,1231.08,42,28
case_syn_0812,cust_syn_0471,checkout.abandoned,CHECKOUT_SESSION,1526.87,MEDIUM,card,0,41,1,0.5,4,acc_syn_training,0.8947,0.1053,28.07,6,49107.39,2888.67,17,19
case_syn_0077,cust_syn_0943,card_not_enrolled,PAYMENT,2598.72,HIGH,card,0,27,0,0.6,0,acc_syn_training,0.6667,0.3333,55.26,0,48501.32,3464.38,19,21
case_syn_0637,cust_syn_0303,subscription.pending,SUBSCRIPTION,1966.97,MEDIUM,upi,1,68,1,0.2857,4,acc_syn_training,0.1471,0.8529,20.73,18,2098.75,419.75,16,34
case_syn_0974,cust_syn_0898,captured,PAYMENT,1841.65,MEDIUM,upi,2,66,1,0.0,1,acc_syn_training,0.4545,0.5455,18.5,1,8339.9,1667.98,6,11
case_syn_0939,cust_syn_0270,checkout.abandoned,CHECKOUT_SESSION,916.16,MEDIUM,upi,0,25,0,0.0,4,acc_syn_training,0.5556,0.4444,38.3,18,9053.1,905.31,3,18
case_syn_0900,cust_syn_0936,checkout.abandoned,CHECKOUT_SESSION,331.94,MEDIUM,upi,0,48,1,0.6667,5,acc_syn_training,0.8947,0.1053,12.79,24,60919.67,3583.51,9,19
case_syn_0281,cust_syn_0964,payment_timed_out,PAYMENT,2317.11,MEDIUM,netbanking,0,47,0,0.3333,0,acc_syn_training,0.6364,0.3636,51.22,3,17095.82,2442.26,32,11
case_syn_0884,cust_syn_0817,checkout.abandoned,CHECKOUT_SESSION,1851.67,MEDIUM,card,0,30,0,0.5,4,acc_syn_training,0.6522,0.3478,39.16,3,48976.95,3265.13,38,23
case_syn_0762,cust_syn_0606,invoice.expired,INVOICE,22341.26,HIGH,invoice,1,44,0,0.4,1,acc_syn_training,0.8857,0.1143,18.18,1,37366.16,1205.36,26,35
case_syn_0320,cust_syn_0422,card_declined,PAYMENT,2471.92,HIGH,card,0,13,0,0.5,4,acc_syn_training,0.6111,0.3889,47.04,12,67000.12,3045.46,40,36
case_syn_0550,cust_syn_0391,card_expired,PAYMENT,4399.62,MEDIUM,card,1,49,1,0.4,0,acc_syn_training,0.5172,0.4828,35.27,12,13870.2,924.68,25,29
case_syn_0175,cust_syn_0625,payment_risk_check_failed,PAYMENT,5409.82,CRITICAL,card,0,10,0,0.6667,3,acc_syn_training,0.3333,0.6667,5.51,0,15082.3,1508.23,35,30
case_syn_0372,cust_syn_0655,insufficient_funds,PAYMENT,603.39,MEDIUM,card,0,19,0,0.3333,3,acc_syn_training,0.5185,0.4815,66.19,6,15680.98,1120.07,4,27
case_syn_0528,cust_syn_0972,card_expired,PAYMENT,3650.22,MEDIUM,card,1,67,0,1.0,4,acc_syn_training,0.75,0.25,7.92,18,36202.32,2011.24,16,24
case_syn_0211,cust_syn_0339,payment_risk_check_failed,PAYMENT,4201.19,CRITICAL,card,0,23,0,0.0,3,acc_syn_training,0.7179,0.2821,38.61,0,59935.4,2140.55,13,39
case_syn_0236,cust_syn_0772,payment_risk_check_failed,PAYMENT,14160.61,CRITICAL,upi,0,51,0,0.3333,5,acc_syn_training,0.56,0.44,3.01,0,10689.7,763.55,2,25
case_syn_0102,cust_syn_0889,card_not_enrolled,PAYMENT,3313.79,HIGH,card,0,34,1,0.5,5,acc_syn_training,0.625,0.375,15.07,0,24135.6,1609.04,15,24
case_syn_0987,cust_syn_0707,captured,PAYMENT,631.02,MEDIUM,card,2,64,1,0.5,3,acc_syn_training,0.2069,0.7931,62.42,18,24779.64,4129.94,38,29
case_syn_0903,cust_syn_0784,checkout.abandoned,CHECKOUT_SESSION,1671.87,MEDIUM,upi,0,34,0,0.6,1,acc_syn_training,0.625,0.375,22.57,18,26854.4,2685.44,1,16
case_syn_0948,cust_syn_0601,captured,PAYMENT,1317.56,MEDIUM,netbanking,1,49,1,0.5,3,acc_syn_training,0.3077,0.6923,50.69,3,30502.56,3812.82,42,26
case_syn_0347,cust_syn_0561,insufficient_funds,PAYMENT,1334.18,MEDIUM,upi,0,68,1,0.5,1,acc_syn_training,0.4286,0.5714,47.11,24,19095.66,3182.61,34,14
case_syn_0140,cust_syn_0904,card_not_enrolled,PAYMENT,2893.71,HIGH,card,0,63,1,0.5,5,acc_syn_training,0.7714,0.2286,30.82,0,63292.05,2344.15,29,35
case_syn_0622,cust_syn_0530,subscription.pending,SUBSCRIPTION,1357.69,MEDIUM,card,2,71,0,0.3333,1,acc_syn_training,0.4211,0.5789,9.75,18,16225.36,2028.17,19,19
case_syn_0500,cust_syn_0181,card_expired,PAYMENT,991.1,MEDIUM,card,1,14,0,1.0,0,acc_syn_training,0.75,0.25,52.66,24,3901.41,433.49,44,12
case_syn_0371,cust_syn_0692,insufficient_funds,PAYMENT,2993.82,MEDIUM,card,2,6,0,0.75,0,acc_syn_training,0.7692,0.2308,69.02,3,27530.4,917.68,11,39
case_syn_0199,cust_syn_0906,payment_risk_check_failed,PAYMENT,12675.08,CRITICAL,upi,0,3,0,0.3333,0,acc_syn_training,0.8286,0.1714,17.17,0,114553.48,3950.12,33,35
case_syn_0688,cust_syn_0297,subscription.halted,SUBSCRIPTION,531.37,HIGH,card,4,45,0,0.8333,1,acc_syn_training,0.5,0.5,4.68,1,4379.62,625.66,19,14
case_syn_0585,cust_syn_0672,subscription.pending,SUBSCRIPTION,1173.1,MEDIUM,card,1,25,0,0.0,5,acc_syn_training,0.5769,0.4231,14.58,18,6173.7,411.58,41,26
case_syn_0902,cust_syn_0406,checkout.abandoned,CHECKOUT_SESSION,2409.86,MEDIUM,upi,0,15,0,0.5,5,acc_syn_training,0.5714,0.4286,6.79,18,48773.44,3048.34,21,28
case_syn_0060,cust_syn_0308,card_not_enrolled,PAYMENT,1277.23,HIGH,card,0,54,0,0.5,0,acc_syn_training,0.2432,0.7568,48.3,0,16569.54,1841.06,36,37
case_syn_0329,cust_syn_0320,currency_not_supported,PAYMENT,1661.09,HIGH,upi,0,32,1,0.6667,2,acc_syn_training,0.2381,0.7619,57.71,3,9646.2,1929.24,43,21
case_syn_0097,cust_syn_0154,card_not_enrolled,PAYMENT,2718.86,HIGH,card,0,69,1,0.5,1,acc_syn_training,0.3333,0.6667,65.27,0,21866.8,4373.36,43,15
case_syn_0313,cust_syn_0695,card_declined,PAYMENT,3204.78,HIGH,card,0,20,0,0.1429,5,acc_syn_training,0.5405,0.4595,27.97,12,70942.8,3547.14,3,37
case_syn_0975,cust_syn_0116,captured,PAYMENT,327.64,MEDIUM,upi,1,67,1,0.0,4,acc_syn_training,0.4242,0.5758,13.94,12,59231.9,4230.85,4,33
case_syn_0300,cust_syn_0300,card_declined,PAYMENT,2922.41,HIGH,card,1,33,0,0.0,0,acc_syn_training,0.6875,0.3125,15.27,12,3478.42,316.22,14,16
case_syn_0278,cust_syn_0138,payment_timed_out,PAYMENT,1048.79,MEDIUM,card,0,39,0,0.5,5,acc_syn_training,0.75,0.25,64.0,12,13278.24,1106.52,36,16
case_syn_0925,cust_syn_0079,checkout.abandoned,CHECKOUT_SESSION,1435.89,MEDIUM,checkout,0,8,0,0.2857,3,acc_syn_training,0.5,0.5,28.59,18,7179.12,897.39,6,16
case_syn_0602,cust_syn_0315,subscription.pending,SUBSCRIPTION,830.84,MEDIUM,card,1,13,0,0.5,0,acc_syn_training,0.6364,0.3636,32.9,12,2170.28,310.04,32,11
case_syn_0440,cust_syn_0008,insufficient_funds,PAYMENT,572.58,MEDIUM,card,0,24,0,1.0,2,acc_syn_training,0.6,0.4,65.46,1,65071.05,4338.07,31,25
case_syn_0838,cust_syn_0834,checkout.abandoned,CHECKOUT_SESSION,2309.22,MEDIUM,card,0,19,1,0.5,2,acc_syn_training,0.4286,0.5714,48.94,24,44716.32,3726.36,34,28
case_syn_0571,cust_syn_0912,subscription.pending,SUBSCRIPTION,1695.53,MEDIUM,emandate,1,20,0,0.1429,4,acc_syn_training,0.871,0.129,31.39,6,24351.57,901.91,20,31
case_syn_0880,cust_syn_0245,checkout.abandoned,CHECKOUT_SESSION,1571.87,MEDIUM,upi,0,9,0,0.0,1,acc_syn_training,0.7059,0.2941,46.72,6,37476.96,3123.08,19,17
case_syn_0262,cust_syn_0749,payment_timed_out,PAYMENT,638.51,MEDIUM,upi,0,67,0,0.6667,4,acc_syn_training,0.8571,0.1429,46.01,3,27641.04,1151.71,26,28
case_syn_0579,cust_syn_0969,subscription.pending,SUBSCRIPTION,812.38,MEDIUM,card,2,2,0,0.6,3,acc_syn_training,0.75,0.25,14.94,6,21353.85,1423.59,13,20
case_syn_0024,cust_syn_0776,card_not_enrolled,PAYMENT,3178.43,HIGH,card,0,54,0,0.25,5,acc_syn_training,0.5625,0.4375,13.7,0,10364.13,1151.57,28,16
case_syn_0031,cust_syn_0329,card_not_enrolled,PAYMENT,1325.51,HIGH,card,0,14,0,0.5,4,acc_syn_training,0.5517,0.4483,71.69,0,69416.96,4338.56,11,29
case_syn_0618,cust_syn_0875,subscription.pending,SUBSCRIPTION,558.53,MEDIUM,upi,2,0,0,0.4286,4,acc_syn_training,0.75,0.25,4.21,24,11693.7,433.1,31,36
case_syn_0011,cust_syn_0973,card_not_enrolled,PAYMENT,655.72,HIGH,card,0,67,1,0.3333,0,acc_syn_training,0.5143,0.4857,35.5,0,27548.64,1530.48,6,35
case_syn_0222,cust_syn_0613,payment_risk_check_failed,PAYMENT,12367.06,CRITICAL,upi,0,62,0,0.0,1,acc_syn_training,0.6471,0.3529,36.6,0,38435.43,3494.13,41,17
case_syn_0821,cust_syn_0947,checkout.abandoned,CHECKOUT_SESSION,2173.41,MEDIUM,card,0,6,1,0.3333,5,acc_syn_training,0.7568,0.2432,55.1,3,35073.92,1252.64,3,37
case_syn_0297,cust_syn_0734,card_declined,PAYMENT,4755.62,HIGH,card,0,36,0,0.6667,4,acc_syn_training,0.8276,0.1724,46.43,6,40940.64,1705.86,10,29
case_syn_0055,cust_syn_0484,card_not_enrolled,PAYMENT,3045.73,HIGH,card,0,25,1,0.75,1,acc_syn_training,0.7,0.3,52.35,0,41650.84,2975.06,11,20
case_syn_0543,cust_syn_0548,card_expired,PAYMENT,895.06,MEDIUM,card,1,6,0,0.3333,2,acc_syn_training,0.2258,0.7742,69.65,18,19462.94,2780.42,5,31
case_syn_0210,cust_syn_0790,payment_risk_check_failed,PAYMENT,4365.93,CRITICAL,card,0,4,1,0.0,4,acc_syn_training,0.4667,0.5333,52.34,0,9646.84,1378.12,7,15
case_syn_0605,cust_syn_0374,subscription.pending,SUBSCRIPTION,1950.25,MEDIUM,upi,2,47,1,0.5,3,acc_syn_training,0.9189,0.0811,3.1,12,18844.5,554.25,19,37
case_syn_0693,cust_syn_0347,subscription.halted,SUBSCRIPTION,2747.56,HIGH,emandate,4,30,0,0.5,0,acc_syn_training,0.7059,0.2941,20.03,6,41076.6,3423.05,34,17
case_syn_0663,cust_syn_0417,subscription.halted,SUBSCRIPTION,2450.35,HIGH,emandate,3,52,0,0.2,3,acc_syn_training,0.9259,0.0741,24.25,6,38882.75,1555.31,28,27
case_syn_0867,cust_syn_0919,checkout.abandoned,CHECKOUT_SESSION,516.5,MEDIUM,checkout,0,14,0,0.6667,3,acc_syn_training,0.25,0.75,40.75,24,7474.29,2491.43,34,12
case_syn_0071,cust_syn_0634,card_not_enrolled,PAYMENT,1873.27,HIGH,card,0,60,1,0.5,1,acc_syn_training,0.4857,0.5143,51.64,0,19373.03,1139.59,44,35
case_syn_0544,cust_syn_0331,card_expired,PAYMENT,3527.72,MEDIUM,card,1,25,0,0.0,0,acc_syn_training,0.7931,0.2069,63.75,24,56496.05,2456.35,30,29
case_syn_0108,cust_syn_0207,card_not_enrolled,PAYMENT,977.82,HIGH,card,0,46,1,0.5,1,acc_syn_training,0.5,0.5,17.75,0,22178.78,1706.06,44,26
case_syn_0494,cust_syn_0165,card_expired,PAYMENT,584.06,MEDIUM,card,0,26,1,0.0,2,acc_syn_training,0.4762,0.5238,3.29,3,40753.9,4075.39,25,21
case_syn_0591,cust_syn_0568,subscription.pending,SUBSCRIPTION,1132.76,MEDIUM,upi,1,24,0,0.75,3,acc_syn_training,0.6667,0.3333,45.07,24,23712.48,988.02,23,36
case_syn_0742,cust_syn_0201,invoice.expired,INVOICE,11627.81,HIGH,invoice,1,8,0,0.0,3,acc_syn_training,0.5263,0.4737,36.2,6,14993.3,1499.33,4,19
case_syn_0293,cust_syn_0246,card_declined,PAYMENT,4044.72,HIGH,card,1,36,0,0.75,3,acc_syn_training,0.6667,0.3333,20.01,12,14001.0,1400.1,7,15
case_syn_0290,cust_syn_0267,payment_timed_out,PAYMENT,1729.98,MEDIUM,card,1,60,0,0.3333,5,acc_syn_training,0.5161,0.4839,31.91,24,41330.56,2583.16,6,31
case_syn_0653,cust_syn_0998,subscription.pending,SUBSCRIPTION,1521.61,MEDIUM,card,2,15,1,0.3333,3,acc_syn_training,0.7083,0.2917,10.05,3,35110.61,2065.33,34,24
case_syn_0040,cust_syn_0253,card_not_enrolled,PAYMENT,892.59,HIGH,card,0,6,0,1.0,0,acc_syn_training,0.6538,0.3462,7.32,0,8770.81,515.93,28,26
case_syn_0590,cust_syn_0210,subscription.pending,SUBSCRIPTION,1286.42,MEDIUM,card,2,17,1,0.5,3,acc_syn_training,0.5405,0.4595,64.5,18,73494.4,3674.72,3,37
case_syn_0308,cust_syn_0732,card_declined,PAYMENT,461.42,HIGH,card,1,31,0,0.6667,1,acc_syn_training,0.6429,0.3571,35.39,1,18073.44,1004.08,4,28
case_syn_0680,cust_syn_0140,subscription.halted,SUBSCRIPTION,3865.52,HIGH,card,3,16,1,0.0,4,acc_syn_training,0.8462,0.1538,32.49,18,108213.27,3279.19,15,39
case_syn_0067,cust_syn_0218,card_not_enrolled,PAYMENT,1106.22,HIGH,card,0,45,0,0.25,4,acc_syn_training,0.6333,0.3667,60.64,0,59283.99,3120.21,44,30
case_syn_0276,cust_syn_0163,payment_timed_out,PAYMENT,1070.15,MEDIUM,upi,2,54,0,1.0,5,acc_syn_training,0.7,0.3,32.55,12,16760.24,2394.32,5,10
case_syn_0068,cust_syn_0437,card_not_enrolled,PAYMENT,1003.32,HIGH,card,0,62,1,0.5,5,acc_syn_training,0.6452,0.3548,39.8,0,5089.4,254.47,0,31
case_syn_0319,cust_syn_0404,card_declined,PAYMENT,3696.9,HIGH,card,2,50,0,0.4,0,acc_syn_training,0.6486,0.3514,31.92,6,10269.84,427.91,9,37
case_syn_0549,cust_syn_0786,card_expired,PAYMENT,2199.11,MEDIUM,card,1,72,0,0.0,5,acc_syn_training,0.6087,0.3913,38.62,24,14189.42,1013.53,32,23
case_syn_0999,cust_syn_0706,captured,PAYMENT,1800.56,MEDIUM,card,1,60,1,0.0,3,acc_syn_training,0.7273,0.2727,47.01,6,24887.6,3110.95,0,11
case_syn_0715,cust_syn_0513,subscription.halted,SUBSCRIPTION,2830.81,HIGH,card,4,7,0,0.3333,5,acc_syn_training,0.7241,0.2759,3.84,24,8885.52,423.12,30,29
case_syn_0754,cust_syn_0353,invoice.expired,INVOICE,3352.46,HIGH,invoice,2,7,0,0.6,1,acc_syn_training,0.3,0.7,59.74,24,15176.16,2529.36,19,20
case_syn_0328,cust_syn_0688,currency_not_supported,PAYMENT,6110.21,HIGH,card,0,53,0,0.3333,4,acc_syn_training,0.375,0.625,27.55,24,22560.93,2506.77,21,24
case_syn_0383,cust_syn_0620,insufficient_funds,PAYMENT,327.06,MEDIUM,upi,0,66,0,0.8571,5,acc_syn_training,0.8286,0.1714,50.14,3,79815.54,2752.26,1,35
case_syn_0452,cust_syn_0324,insufficient_funds,PAYMENT,2677.27,MEDIUM,netbanking,1,72,1,0.3333,1,acc_syn_training,0.5333,0.4667,37.58,1,66242.24,4140.14,14,30
case_syn_0523,cust_syn_0265,card_expired,PAYMENT,2431.45,MEDIUM,card,0,9,0,0.0,1,acc_syn_training,0.25,0.75,25.25,18,27761.31,3084.59,12,36
case_syn_0219,cust_syn_0258,payment_risk_check_failed,PAYMENT,9726.74,CRITICAL,upi,0,72,1,0.0,1,acc_syn_training,0.5833,0.4167,43.03,0,30300.55,4328.65,28,12
case_syn_0788,cust_syn_0454,invoice.expired,INVOICE,2838.57,HIGH,invoice,2,68,1,0.7143,1,acc_syn_training,0.5455,0.4545,54.33,24,62614.98,3478.61,3,33
case_syn_0437,cust_syn_0644,insufficient_funds,PAYMENT,698.3,MEDIUM,upi,0,58,1,0.3333,1,acc_syn_training,0.4762,0.5238,49.84,12,43498.8,4349.88,26,21
case_syn_0765,cust_syn_0142,invoice.expired,INVOICE,12349.88,HIGH,invoice,1,30,0,0.4286,1,acc_syn_training,0.7895,0.2105,10.16,6,43501.05,2900.07,31,19
case_syn_0089,cust_syn_0902,card_not_enrolled,PAYMENT,3114.6,HIGH,card,0,35,0,0.5,2,acc_syn_training,0.6667,0.3333,24.59,0,50893.6,2544.68,10,30
case_syn_0064,cust_syn_0821,card_not_enrolled,PAYMENT,556.28,HIGH,card,0,2,1,0.2857,0,acc_syn_training,0.8148,0.1852,37.55,0,7657.1,348.05,14,27
case_syn_0827,cust_syn_0949,checkout.abandoned,CHECKOUT_SESSION,2080.2,MEDIUM,upi,0,57,0,0.4,1,acc_syn_training,0.6552,0.3448,62.55,1,17141.99,902.21,21,29
case_syn_0717,cust_syn_0490,subscription.halted,SUBSCRIPTION,3277.73,HIGH,emandate,4,58,1,0.0,5,acc_syn_training,0.84,0.16,43.31,1,39342.45,1873.45,11,25
case_syn_0352,cust_syn_0794,insufficient_funds,PAYMENT,2750.99,MEDIUM,card,1,5,0,0.0,2,acc_syn_training,0.4583,0.5417,22.76,3,45163.8,4105.8,36,24
case_syn_0937,cust_syn_0489,checkout.abandoned,CHECKOUT_SESSION,1519.51,MEDIUM,card,0,53,1,0.25,2,acc_syn_training,0.4839,0.5161,71.27,24,13230.6,882.04,2,31
case_syn_0257,cust_syn_0851,payment_timed_out,PAYMENT,1748.97,MEDIUM,upi,0,42,0,0.25,4,acc_syn_training,0.4848,0.5152,37.9,1,67765.76,4235.36,41,33
case_syn_0636,cust_syn_0586,subscription.pending,SUBSCRIPTION,1088.86,MEDIUM,upi,1,24,0,0.4286,2,acc_syn_training,0.3333,0.6667,6.9,18,10475.65,2095.13,16,15
case_syn_0645,cust_syn_0067,subscription.pending,SUBSCRIPTION,985.91,MEDIUM,emandate,1,70,0,0.25,5,acc_syn_training,0.5676,0.4324,13.26,1,18581.64,884.84,30,37
case_syn_0555,cust_syn_0158,card_expired,PAYMENT,3623.09,MEDIUM,card,0,2,0,0.0,2,acc_syn_training,0.75,0.25,8.79,18,27142.92,3015.88,39,12
case_syn_0960,cust_syn_0241,captured,PAYMENT,903.42,MEDIUM,upi,2,13,1,0.6667,3,acc_syn_training,0.3333,0.6667,11.34,3,11780.1,2356.02,37,15
case_syn_0169,cust_syn_0104,payment_risk_check_failed,PAYMENT,3404.2,CRITICAL,card,0,3,0,0.2857,1,acc_syn_training,0.7273,0.2727,61.43,0,27277.6,3409.7,22,11
case_syn_0918,cust_syn_0729,checkout.abandoned,CHECKOUT_SESSION,2214.84,MEDIUM,card,0,4,1,0.5,2,acc_syn_training,0.6,0.4,26.56,3,33284.16,2773.68,17,20
case_syn_0529,cust_syn_0440,card_expired,PAYMENT,2655.5,MEDIUM,card,1,23,1,0.2,4,acc_syn_training,0.5,0.5,61.32,6,21882.98,3126.14,33,14
case_syn_0824,cust_syn_0133,checkout.abandoned,CHECKOUT_SESSION,2039.69,MEDIUM,upi,0,32,0,0.5714,3,acc_syn_training,0.4286,0.5714,36.63,1,7577.64,1262.94,22,14
case_syn_0986,cust_syn_0144,captured,PAYMENT,218.33,MEDIUM,card,1,15,1,0.2857,3,acc_syn_training,0.3125,0.6875,34.93,3,24416.7,2441.67,41,32
case_syn_0817,cust_syn_0719,checkout.abandoned,CHECKOUT_SESSION,2288.9,MEDIUM,card,0,1,0,0.5714,3,acc_syn_training,0.9333,0.0667,69.14,6,108295.32,3867.69,35,30
case_syn_0087,cust_syn_0288,card_not_enrolled,PAYMENT,2612.04,HIGH,card,0,32,0,0.3333,5,acc_syn_training,0.5385,0.4615,21.76,0,54621.14,3901.51,9,26
case_syn_0433,cust_syn_0622,insufficient_funds,PAYMENT,1523.18,MEDIUM,card,1,1,1,0.5,4,acc_syn_training,0.7742,0.2258,27.92,12,21268.32,886.18,29,31
case_syn_0185,cust_syn_0978,payment_risk_check_failed,PAYMENT,18617.99,CRITICAL,upi,0,12,0,0.0,3,acc_syn_training,0.5938,0.4062,42.83,0,12320.55,648.45,30,32
case_syn_0979,cust_syn_0559,captured,PAYMENT,1084.99,MEDIUM,netbanking,2,36,1,0.0,4,acc_syn_training,0.3611,0.6389,48.84,3,49491.52,3807.04,1,36
case_syn_0535,cust_syn_0410,card_expired,PAYMENT,1853.96,MEDIUM,card,0,2,1,0.6,1,acc_syn_training,0.7667,0.2333,12.67,3,22578.41,981.67,20,30
case_syn_0295,cust_syn_0640,card_declined,PAYMENT,4093.53,HIGH,card,1,19,0,0.4,5,acc_syn_training,0.3889,0.6111,41.88,24,12944.12,1849.16,31,18
case_syn_0893,cust_syn_0590,checkout.abandoned,CHECKOUT_SESSION,1625.31,MEDIUM,card,0,29,1,0.5,2,acc_syn_training,0.56,0.44,1.9,6,19227.18,1373.37,7,25
case_syn_0426,cust_syn_0643,insufficient_funds,PAYMENT,477.06,MEDIUM,card,1,23,1,0.6667,1,acc_syn_training,0.3571,0.6429,25.15,18,5813.25,1162.65,30,14
case_syn_0714,cust_syn_0468,subscription.halted,SUBSCRIPTION,2258.79,HIGH,card,5,55,0,0.75,3,acc_syn_training,0.9,0.1,22.62,18,11727.54,1303.06,11,10
case_syn_0261,cust_syn_0903,payment_timed_out,PAYMENT,2532.45,MEDIUM,upi,2,71,1,0.3333,4,acc_syn_training,0.7222,0.2778,39.34,3,17389.97,1337.69,15,18
case_syn_0238,cust_syn_0853,payment_timed_out,PAYMENT,1050.4,MEDIUM,upi,0,61,0,0.0,1,acc_syn_training,0.8077,0.1923,25.89,0,70105.14,3338.34,43,26
case_syn_0560,cust_syn_0854,card_expired,PAYMENT,1476.25,MEDIUM,card,1,47,1,0.0,0,acc_syn_training,0.7895,0.2105,3.51,12,104449.5,3481.65,14,38
case_syn_0584,cust_syn_0500,subscription.pending,SUBSCRIPTION,1587.41,MEDIUM,emandate,2,44,1,0.6667,0,acc_syn_training,0.9091,0.0909,65.25,3,79207.6,3960.38,39,22
case_syn_0446,cust_syn_0774,insufficient_funds,PAYMENT,2648.95,MEDIUM,card,0,42,1,0.6667,3,acc_syn_training,0.4333,0.5667,0.88,3,4723.68,363.36,17,30
case_syn_0868,cust_syn_0531,checkout.abandoned,CHECKOUT_SESSION,1605.1,MEDIUM,card,0,6,0,0.3333,5,acc_syn_training,0.6,0.4,1.55,6,4006.26,667.71,41,10
case_syn_0801,cust_syn_0567,checkout.abandoned,CHECKOUT_SESSION,634.04,MEDIUM,upi,0,34,0,0.3333,5,acc_syn_training,0.7273,0.2727,9.84,1,29063.12,3632.89,18,11
case_syn_0600,cust_syn_0034,subscription.pending,SUBSCRIPTION,1547.42,MEDIUM,emandate,1,55,0,0.2857,5,acc_syn_training,0.4828,0.5172,55.71,18,58703.82,4193.13,31,29
case_syn_0850,cust_syn_0455,checkout.abandoned,CHECKOUT_SESSION,1043.21,MEDIUM,checkout,0,17,0,0.25,4,acc_syn_training,0.8947,0.1053,57.79,18,29650.21,1744.13,7,19
case_syn_0266,cust_syn_0145,payment_timed_out,PAYMENT,2459.32,MEDIUM,upi,0,56,0,0.6667,4,acc_syn_training,0.9,0.1,2.8,6,63347.04,3519.28,9,20
case_syn_0996,cust_syn_0344,captured,PAYMENT,1977.73,MEDIUM,card,2,26,1,0.6,2,acc_syn_training,0.4483,0.5517,8.95,12,44394.87,3414.99,21,29
case_syn_0530,cust_syn_0648,card_expired,PAYMENT,4488.77,MEDIUM,card,0,8,0,0.2,0,acc_syn_training,0.4872,0.5128,23.95,18,68027.03,3580.37,41,39
case_syn_0056,cust_syn_0323,card_not_enrolled,PAYMENT,3123.1,HIGH,card,0,4,0,0.5,3,acc_syn_training,0.6667,0.3333,44.96,0,19483.56,1623.63,15,18
case_syn_0121,cust_syn_0213,card_not_enrolled,PAYMENT,1145.72,HIGH,card,0,70,1,0.2857,2,acc_syn_training,0.7647,0.2353,64.31,0,42453.06,3265.62,13,17
case_syn_0216,cust_syn_0756,payment_risk_check_failed,PAYMENT,12407.83,CRITICAL,upi,0,14,0,0.4286,5,acc_syn_training,0.9333,0.0667,55.79,0,69837.6,2494.2,6,30
case_syn_0026,cust_syn_0859,card_not_enrolled,PAYMENT,480.4,HIGH,card,0,19,0,0.5,2,acc_syn_training,0.7097,0.2903,49.37,0,86850.94,3947.77,35,31
case_syn_0073,cust_syn_0710,card_not_enrolled,PAYMENT,1960.65,HIGH,card,0,11,1,1.0,5,acc_syn_training,0.8,0.2,39.67,0,21077.0,752.75,31,35
case_syn_0045,cust_syn_0092,card_not_enrolled,PAYMENT,1174.36,HIGH,card,0,23,1,0.5,2,acc_syn_training,0.6522,0.3478,7.13,0,55974.0,3731.6,17,23
case_syn_0248,cust_syn_0077,payment_timed_out,PAYMENT,2143.77,MEDIUM,upi,0,50,1,0.0,2,acc_syn_training,0.7143,0.2857,38.53,24,22263.1,2226.31,29,14
case_syn_0722,cust_syn_0924,subscription.halted,SUBSCRIPTION,3645.33,HIGH,card,5,61,1,0.0,2,acc_syn_training,0.5,0.5,22.64,6,43411.06,3946.46,32,22
case_syn_0282,cust_syn_0751,payment_timed_out,PAYMENT,1786.17,MEDIUM,upi,1,72,1,0.2857,3,acc_syn_training,0.56,0.44,36.89,24,8605.1,614.65,1,25
case_syn_0894,cust_syn_0135,checkout.abandoned,CHECKOUT_SESSION,148.54,MEDIUM,card,0,35,1,0.5714,5,acc_syn_training,0.6429,0.3571,22.04,3,39734.19,4414.91,11,14
case_syn_0915,cust_syn_0222,checkout.abandoned,CHECKOUT_SESSION,1387.5,MEDIUM,card,0,6,0,1.0,0,acc_syn_training,0.7419,0.2581,31.57,12,64080.07,2786.09,41,31
case_syn_0811,cust_syn_0811,checkout.abandoned,CHECKOUT_SESSION,146.58,MEDIUM,checkout,0,19,0,0.0,1,acc_syn_training,0.6842,0.3158,64.16,1,14273.74,1097.98,8,19
case_syn_0245,cust_syn_0180,payment_timed_out,PAYMENT,1448.89,MEDIUM,upi,2,44,1,0.0,4,acc_syn_training,0.3636,0.6364,63.99,3,2590.92,647.73,34,11
case_syn_0823,cust_syn_0830,checkout.abandoned,CHECKOUT_SESSION,2320.04,MEDIUM,card,0,55,0,0.3333,4,acc_syn_training,0.6216,0.3784,31.51,24,93343.89,4058.43,43,37
case_syn_0322,cust_syn_0413,card_declined,PAYMENT,2310.59,HIGH,card,2,30,0,0.0,3,acc_syn_training,0.5,0.5,10.42,12,12659.1,2109.85,43,12
case_syn_0644,cust_syn_0985,subscription.pending,SUBSCRIPTION,595.21,MEDIUM,card,2,2,1,0.25,2,acc_syn_training,0.5,0.5,63.46,12,8127.76,1015.97,37,16
case_syn_0159,cust_syn_0162,payment_risk_check_failed,PAYMENT,11003.91,CRITICAL,upi,0,72,0,0.25,1,acc_syn_training,0.8649,0.1351,70.43,0,73252.48,2289.14,21,37
case_syn_0978,cust_syn_0184,captured,PAYMENT,513.56,MEDIUM,card,1,68,1,0.3333,4,acc_syn_training,0.5641,0.4359,62.58,6,69992.78,3181.49,16,39
case_syn_0430,cust_syn_0986,insufficient_funds,PAYMENT,452.95,MEDIUM,upi,1,55,1,0.6667,2,acc_syn_training,0.4375,0.5625,53.13,12,8237.39,1176.77,3,16
case_syn_0942,cust_syn_0408,checkout.abandoned,CHECKOUT_SESSION,1123.72,MEDIUM,upi,0,30,0,0.5,0,acc_syn_training,0.25,0.75,0.81,12,8531.92,1066.49,22,32
case_syn_0463,cust_syn_0202,insufficient_funds,PAYMENT,2426.15,MEDIUM,upi,1,41,0,0.0,4,acc_syn_training,0.2069,0.7931,37.44,1,20541.66,3423.61,27,29
case_syn_0310,cust_syn_0188,card_declined,PAYMENT,4635.43,HIGH,card,1,43,0,0.1429,1,acc_syn_training,0.2857,0.7143,71.08,18,13958.28,3489.57,2,14
case_syn_0698,cust_syn_0841,subscription.halted,SUBSCRIPTION,2486.92,HIGH,emandate,4,67,0,0.3333,5,acc_syn_training,0.625,0.375,56.12,6,32327.7,3232.77,19,16
case_syn_0061,cust_syn_0150,card_not_enrolled,PAYMENT,2569.89,HIGH,card,0,10,0,0.6,1,acc_syn_training,0.7,0.3,43.87,0,6373.08,910.44,20,10
case_syn_0885,cust_syn_0030,checkout.abandoned,CHECKOUT_SESSION,2259.52,MEDIUM,card,0,35,0,0.25,1,acc_syn_training,0.6,0.4,52.67,1,22549.32,1879.11,24,20
case_syn_0596,cust_syn_0032,subscription.pending,SUBSCRIPTION,851.78,MEDIUM,card,2,32,1,0.2857,0,acc_syn_training,0.8667,0.1333,71.79,3,18720.0,720.0,39,30
case_syn_0768,cust_syn_0370,invoice.expired,INVOICE,4881.56,HIGH,invoice,2,17,0,0.3333,2,acc_syn_training,0.4062,0.5938,48.3,12,25347.27,1949.79,18,32
case_syn_0650,cust_syn_0858,subscription.pending,SUBSCRIPTION,809.86,MEDIUM,upi,2,32,1,0.0,5,acc_syn_training,0.6957,0.3043,61.78,6,11195.52,699.72,34,23
case_syn_0651,cust_syn_0810,subscription.pending,SUBSCRIPTION,637.77,MEDIUM,upi,1,5,0,1.0,2,acc_syn_training,0.3636,0.6364,25.82,1,11262.88,2815.72,8,11
case_syn_0866,cust_syn_0024,checkout.abandoned,CHECKOUT_SESSION,236.75,MEDIUM,checkout,0,63,0,0.0,1,acc_syn_training,0.5455,0.4545,38.83,24,4931.1,821.85,23,11
case_syn_0669,cust_syn_0990,subscription.halted,SUBSCRIPTION,838.67,HIGH,emandate,4,61,1,0.5,0,acc_syn_training,0.5862,0.4138,38.69,3,32467.79,1909.87,16,29
case_syn_0299,cust_syn_0777,card_declined,PAYMENT,4252.0,HIGH,card,0,19,1,0.0,0,acc_syn_training,0.64,0.36,7.3,3,14764.32,922.77,42,25
case_syn_0690,cust_syn_0888,subscription.halted,SUBSCRIPTION,2989.26,HIGH,card,4,29,0,0.4,4,acc_syn_training,0.28,0.72,40.59,3,9765.77,1395.11,39,25
case_syn_0315,cust_syn_0041,card_declined,PAYMENT,4769.18,HIGH,card,2,50,0,0.0,4,acc_syn_training,0.6364,0.3636,61.74,3,2186.8,312.4,18,11
case_syn_0311,cust_syn_0294,card_declined,PAYMENT,2449.45,HIGH,card,0,26,0,0.0,3,acc_syn_training,0.5588,0.4412,69.27,12,69297.94,3647.26,11,34
case_syn_0362,cust_syn_0627,insufficient_funds,PAYMENT,2786.02,MEDIUM,netbanking,1,10,0,0.0,0,acc_syn_training,0.8889,0.1111,67.79,3,42863.68,1339.49,31,36
case_syn_0480,cust_syn_0216,card_expired,PAYMENT,1292.07,MEDIUM,card,0,5,1,0.0,5,acc_syn_training,0.6923,0.3077,55.18,6,17885.88,993.66,16,26
case_syn_0111,cust_syn_0380,card_not_enrolled,PAYMENT,3362.37,HIGH,card,0,29,0,0.0,2,acc_syn_training,0.48,0.52,20.14,0,39442.2,3286.85,29,25
case_syn_0990,cust_syn_0953,captured,PAYMENT,1847.29,MEDIUM,card,0,40,1,0.5,5,acc_syn_training,0.3,0.7,55.33,18,9402.27,3134.09,6,10
case_syn_0487,cust_syn_0961,card_expired,PAYMENT,3970.76,MEDIUM,card,0,16,0,0.5714,3,acc_syn_training,0.8,0.2,28.39,6,35186.04,2932.17,6,15
case_syn_0364,cust_syn_0319,insufficient_funds,PAYMENT,1042.99,MEDIUM,upi,1,14,0,0.5,1,acc_syn_training,0.5862,0.4138,19.45,12,23020.38,1354.14,15,29
case_syn_0255,cust_syn_0951,payment_timed_out,PAYMENT,2314.32,MEDIUM,netbanking,1,37,0,0.4,3,acc_syn_training,0.4815,0.5185,8.83,3,24721.97,1901.69,2,27
case_syn_0260,cust_syn_0712,payment_timed_out,PAYMENT,2852.83,MEDIUM,netbanking,0,13,0,0.0,0,acc_syn_training,0.4615,0.5385,28.98,18,74697.48,4149.86,39,39
case_syn_0803,cust_syn_0826,checkout.abandoned,CHECKOUT_SESSION,2134.81,MEDIUM,card,0,71,1,0.2,2,acc_syn_training,0.5882,0.4118,5.28,1,19401.0,1940.1,21,17
case_syn_0678,cust_syn_0631,subscription.halted,SUBSCRIPTION,2119.78,HIGH,emandate,3,37,0,1.0,5,acc_syn_training,0.6667,0.3333,42.54,3,37152.1,3715.21,13,15
case_syn_0495,cust_syn_0983,card_expired,PAYMENT,3877.89,MEDIUM,card,0,71,0,0.5,0,acc_syn_training,0.6522,0.3478,6.16,18,26227.95,1748.53,28,23
case_syn_0671,cust_syn_0369,subscription.halted,SUBSCRIPTION,750.53,HIGH,card,4,66,0,0.0,5,acc_syn_training,0.6,0.4,3.83,12,71409.6,3967.2,15,30
case_syn_0378,cust_syn_0913,insufficient_funds,PAYMENT,1764.97,MEDIUM,netbanking,2,54,0,0.2,1,acc_syn_training,0.6774,0.3226,48.0,24,35073.78,1670.18,24,31
case_syn_0527,cust_syn_0458,card_expired,PAYMENT,2771.09,MEDIUM,card,0,62,0,0.5,2,acc_syn_training,0.72,0.28,59.87,6,58452.66,3247.37,2,25
case_syn_0846,cust_syn_0473,checkout.abandoned,CHECKOUT_SESSION,1884.24,MEDIUM,upi,0,44,1,0.8,3,acc_syn_training,0.75,0.25,27.4,24,86284.17,4108.77,34,28
case_syn_0138,cust_syn_0504,card_not_enrolled,PAYMENT,544.91,HIGH,card,0,18,1,1.0,2,acc_syn_training,0.6207,0.3793,10.03,0,28893.06,1605.17,27,29
case_syn_0356,cust_syn_0027,insufficient_funds,PAYMENT,1326.95,MEDIUM,card,0,58,0,0.5,5,acc_syn_training,0.6667,0.3333,10.32,6,4872.8,609.1,43,12
case_syn_0366,cust_syn_0727,insufficient_funds,PAYMENT,990.42,MEDIUM,netbanking,1,23,1,0.6667,1,acc_syn_training,0.6364,0.3636,24.35,24,92510.67,4405.27,0,33
case_syn_0943,cust_syn_0526,checkout.abandoned,CHECKOUT_SESSION,687.11,MEDIUM,checkout,0,19,0,0.2857,3,acc_syn_training,0.2857,0.7143,31.61,3,9670.28,2417.57,30,14
case_syn_0750,cust_syn_0153,invoice.expired,INVOICE,15832.48,HIGH,invoice,0,0,0,0.75,2,acc_syn_training,0.5882,0.4118,30.1,6,12002.6,1200.26,3,17
case_syn_0949,cust_syn_0423,captured,PAYMENT,1462.59,MEDIUM,upi,0,2,1,0.2857,5,acc_syn_training,0.2222,0.7778,31.09,3,16036.48,4009.12,17,18
case_syn_0830,cust_syn_0718,checkout.abandoned,CHECKOUT_SESSION,331.21,MEDIUM,checkout,0,58,0,0.0,5,acc_syn_training,0.6667,0.3333,58.5,3,30221.1,2158.65,17,21
case_syn_0657,cust_syn_0563,subscription.halted,SUBSCRIPTION,3315.37,HIGH,emandate,4,18,0,0.6667,0,acc_syn_training,0.7179,0.2821,61.42,3,98090.72,3503.24,25,39
case_syn_0200,cust_syn_0594,payment_risk_check_failed,PAYMENT,4124.09,CRITICAL,card,0,33,0,0.6,2,acc_syn_training,0.5238,0.4762,19.67,0,8793.18,799.38,42,21
case_syn_0214,cust_syn_0110,payment_risk_check_failed,PAYMENT,6805.04,CRITICAL,card,0,63,0,0.3333,0,acc_syn_training,0.5526,0.4474,38.75,0,19151.37,911.97,41,38
case_syn_0409,cust_syn_0921,insufficient_funds,PAYMENT,214.57,MEDIUM,netbanking,2,40,0,0.7143,3,acc_syn_training,0.5172,0.4828,26.55,1,64018.95,4267.93,42,29
case_syn_0333,cust_syn_0899,currency_not_supported,PAYMENT,6105.23,HIGH,upi,0,71,0,0.4,4,acc_syn_training,0.7333,0.2667,11.13,1,83898.54,3813.57,16,30
case_syn_0209,cust_syn_0263,payment_risk_check_failed,PAYMENT,19913.81,CRITICAL,upi,0,40,0,0.5,2,acc_syn_training,0.6875,0.3125,38.01,0,19892.62,1808.42,25,16
case_syn_0614,cust_syn_0948,subscription.pending,SUBSCRIPTION,399.57,MEDIUM,emandate,1,59,1,0.25,4,acc_syn_training,0.7826,0.2174,23.58,3,38890.08,2160.56,0,23
case_syn_0079,cust_syn_0796,card_not_enrolled,PAYMENT,2608.55,HIGH,card,0,25,0,0.6667,5,acc_syn_training,0.8667,0.1333,69.89,0,10500.62,403.87,6,30
case_syn_0030,cust_syn_0544,card_not_enrolled,PAYMENT,3825.3,HIGH,card,0,27,1,0.3333,2,acc_syn_training,0.4643,0.5357,68.24,0,36502.7,2807.9,16,28
case_syn_0536,cust_syn_0115,card_expired,PAYMENT,951.78,MEDIUM,card,1,60,0,0.8,5,acc_syn_training,0.4138,0.5862,27.55,6,25329.96,2110.83,14,29
case_syn_0696,cust_syn_0169,subscription.halted,SUBSCRIPTION,1802.77,HIGH,card,3,47,0,0.5,0,acc_syn_training,0.5946,0.4054,71.59,3,92384.16,4199.28,20,37
case_syn_0558,cust_syn_0028,card_expired,PAYMENT,2071.16,MEDIUM,card,0,50,1,0.5714,0,acc_syn_training,0.4737,0.5263,40.89,24,17603.82,977.99,25,38
case_syn_0837,cust_syn_0543,checkout.abandoned,CHECKOUT_SESSION,2345.85,MEDIUM,checkout,0,6,0,0.0,2,acc_syn_training,0.3947,0.6053,19.4,24,64761.3,4317.42,35,38
case_syn_0597,cust_syn_0312,subscription.pending,SUBSCRIPTION,342.46,MEDIUM,card,1,38,0,0.3333,1,acc_syn_training,0.8,0.2,42.92,1,6515.88,542.99,44,15
case_syn_0166,cust_syn_0114,payment_risk_check_failed,PAYMENT,12091.01,CRITICAL,card,0,58,1,0.0,1,acc_syn_training,0.6154,0.3846,65.74,0,63994.08,2666.42,24,39
case_syn_0919,cust_syn_0091,checkout.abandoned,CHECKOUT_SESSION,2043.34,MEDIUM,upi,0,3,0,0.4,0,acc_syn_training,0.6471,0.3529,0.54,6,5906.45,536.95,3,17
case_syn_0496,cust_syn_0876,card_expired,PAYMENT,1326.94,MEDIUM,card,1,37,0,0.2857,0,acc_syn_training,0.4,0.6,31.15,12,25956.24,2163.02,16,30
case_syn_0825,cust_syn_0299,checkout.abandoned,CHECKOUT_SESSION,880.97,MEDIUM,checkout,0,47,1,0.5,2,acc_syn_training,0.2353,0.7647,50.42,24,6348.0,793.5,0,34
case_syn_0066,cust_syn_0645,card_not_enrolled,PAYMENT,1758.44,HIGH,card,0,56,0,0.5,0,acc_syn_training,0.5333,0.4667,29.04,0,19325.28,2415.66,5,15
case_syn_0142,cust_syn_0839,card_not_enrolled,PAYMENT,3196.64,HIGH,card,0,19,0,0.0,5,acc_syn_training,0.8387,0.1613,39.67,0,113573.46,4368.21,40,31
case_syn_0926,cust_syn_0891,checkout.abandoned,CHECKOUT_SESSION,439.32,MEDIUM,checkout,0,69,0,0.2857,5,acc_syn_training,0.3939,0.6061,53.03,12,43542.85,3349.45,13,33
case_syn_0828,cust_syn_0600,checkout.abandoned,CHECKOUT_SESSION,2346.33,MEDIUM,upi,0,30,0,0.0,5,acc_syn_training,0.6364,0.3636,52.42,12,22123.78,3160.54,38,11
case_syn_0656,cust_syn_0161,subscription.halted,SUBSCRIPTION,1359.13,HIGH,emandate,4,45,1,0.5,4,acc_syn_training,0.75,0.25,45.71,18,30669.03,1460.43,12,28
case_syn_0332,cust_syn_0427,currency_not_supported,PAYMENT,3010.03,HIGH,upi,0,45,1,0.6,2,acc_syn_training,0.619,0.381,2.74,1,43433.78,3341.06,5,21
case_syn_0665,cust_syn_0443,subscription.halted,SUBSCRIPTION,1228.35,HIGH,card,4,0,0,0.5,1,acc_syn_training,0.7727,0.2273,31.99,18,49559.93,2915.29,3,22
case_syn_0250,cust_syn_0923,payment_timed_out,PAYMENT,2698.24,MEDIUM,upi,1,64,1,0.5,3,acc_syn_training,0.6071,0.3929,8.95,24,19151.01,1126.53,32,28
case_syn_0908,cust_syn_0726,checkout.abandoned,CHECKOUT_SESSION,362.22,MEDIUM,checkout,0,70,1,0.5,0,acc_syn_training,0.5,0.5,53.78,1,11641.59,1293.51,42,18
case_syn_0709,cust_syn_0742,subscription.halted,SUBSCRIPTION,1389.87,HIGH,emandate,4,9,1,0.6,3,acc_syn_training,0.6364,0.3636,46.69,3,67897.2,3233.2,15,33
case_syn_0306,cust_syn_0101,card_declined,PAYMENT,1425.01,HIGH,card,0,72,1,0.3333,2,acc_syn_training,0.6579,0.3421,31.35,12,44359.0,1774.36,36,38
case_syn_0735,cust_syn_0663,invoice.expired,INVOICE,16198.74,HIGH,invoice,0,43,0,0.0,5,acc_syn_training,0.6667,0.3333,61.76,12,45213.48,3767.79,8,18
case_syn_0976,cust_syn_0366,captured,PAYMENT,1166.92,MEDIUM,upi,0,0,1,0.0,2,acc_syn_training,0.7368,0.2632,3.29,12,31689.14,2263.51,12,19
case_syn_0050,cust_syn_0578,card_not_enrolled,PAYMENT,2176.94,HIGH,card,0,1,1,0.25,5,acc_syn_training,0.8,0.2,46.43,0,65317.76,4082.36,21,20
case_syn_0897,cust_syn_0659,checkout.abandoned,CHECKOUT_SESSION,1784.55,MEDIUM,upi,0,24,0,0.5,0,acc_syn_training,0.6207,0.3793,54.62,18,79576.92,4420.94,24,29
case_syn_0003,cust_syn_0755,card_not_enrolled,PAYMENT,1395.84,HIGH,card,0,15,0,0.25,3,acc_syn_training,0.8205,0.1795,10.86,0,15098.24,471.82,7,39
case_syn_0545,cust_syn_0432,card_expired,PAYMENT,4790.21,MEDIUM,card,0,65,1,0.5,3,acc_syn_training,0.6429,0.3571,41.48,24,19498.86,2166.54,44,14
case_syn_0351,cust_syn_0872,insufficient_funds,PAYMENT,2169.58,MEDIUM,netbanking,1,0,0,1.0,2,acc_syn_training,0.3913,0.6087,67.42,18,12052.98,1339.22,3,23
case_syn_0905,cust_syn_0950,checkout.abandoned,CHECKOUT_SESSION,160.78,MEDIUM,card,0,66,1,0.4,3,acc_syn_training,0.72,0.28,27.85,18,50742.18,2819.01,24,25
case_syn_0537,cust_syn_0352,card_expired,PAYMENT,4532.65,MEDIUM,card,0,51,0,0.6,3,acc_syn_training,0.72,0.28,11.32,18,17881.2,993.4,7,25
case_syn_0345,cust_syn_0354,currency_not_supported,PAYMENT,507.56,HIGH,upi,0,72,0,0.6667,5,acc_syn_training,0.5128,0.4872,38.03,18,50357.6,2517.88,38,39
case_syn_0995,cust_syn_0064,captured,PAYMENT,1347.18,MEDIUM,upi,2,43,1,0.6,3,acc_syn_training,0.6842,0.3158,71.51,12,4165.98,320.46,26,19
case_syn_0482,cust_syn_0579,card_expired,PAYMENT,940.61,MEDIUM,card,1,27,0,1.0,1,acc_syn_training,0.6,0.4,9.8,6,13656.72,2276.12,3,10
case_syn_0576,cust_syn_0980,subscription.pending,SUBSCRIPTION,327.64,MEDIUM,upi,1,45,0,0.4286,4,acc_syn_training,0.6316,0.3684,17.36,12,7108.32,296.18,1,38
case_syn_0034,cust_syn_0276,card_not_enrolled,PAYMENT,770.91,HIGH,card,0,54,1,0.5,5,acc_syn_training,0.8333,0.1667,30.1,0,77607.2,3880.36,25,24
case_syn_0032,cust_syn_0661,card_not_enrolled,PAYMENT,3401.46,HIGH,card,0,26,1,0.25,2,acc_syn_training,0.3846,0.6154,32.51,0,15467.9,3093.58,3,13
case_syn_0232,cust_syn_0599,payment_risk_check_failed,PAYMENT,5984.1,CRITICAL,upi,0,62,0,0.4286,5,acc_syn_training,0.2857,0.7143,56.17,0,32508.96,4063.62,6,28
case_syn_0964,cust_syn_0840,captured,PAYMENT,1749.25,MEDIUM,netbanking,1,63,1,0.75,1,acc_syn_training,0.6316,0.3684,52.33,12,14801.88,1233.49,19,19
case_syn_0193,cust_syn_0668,payment_risk_check_failed,PAYMENT,9871.89,CRITICAL,card,0,58,0,0.3333,0,acc_syn_training,0.8,0.2,58.47,0,28826.4,1441.32,0,25
case_syn_0334,cust_syn_0890,currency_not_supported,PAYMENT,6562.58,HIGH,card,0,6,1,0.5,2,acc_syn_training,0.7273,0.2727,20.86,1,31333.28,3916.66,43,11
case_syn_0004,cust_syn_0916,card_not_enrolled,PAYMENT,3754.01,HIGH,card,0,41,0,0.0,5,acc_syn_training,0.7333,0.2667,10.86,0,42838.51,3894.41,15,15
case_syn_0205,cust_syn_0770,payment_risk_check_failed,PAYMENT,4522.98,CRITICAL,upi,0,24,0,0.6667,2,acc_syn_training,0.2174,0.7826,47.12,0,6564.25,1312.85,31,23
case_syn_0515,cust_syn_0855,card_expired,PAYMENT,1984.13,MEDIUM,card,1,16,1,0.4,4,acc_syn_training,0.4,0.6,15.83,18,7727.94,1287.99,27,15
case_syn_0800,cust_syn_0791,invoice.expired,INVOICE,14934.79,HIGH,invoice,2,62,0,0.5,4,acc_syn_training,0.8947,0.1053,52.41,1,91856.44,2701.66,40,38
case_syn_0307,cust_syn_0272,card_declined,PAYMENT,1889.67,HIGH,card,0,23,0,0.0,4,acc_syn_training,0.5926,0.4074,49.97,24,59871.52,3741.97,25,27
case_syn_0110,cust_syn_0243,card_not_enrolled,PAYMENT,1610.45,HIGH,card,0,32,0,0.2857,0,acc_syn_training,0.88,0.12,47.64,0,26252.6,1193.3,13,25
case_syn_0431,cust_syn_0311,insufficient_funds,PAYMENT,1375.49,MEDIUM,upi,0,35,1,0.25,1,acc_syn_training,0.6471,0.3529,43.99,18,11429.55,1039.05,37,17
case_syn_0078,cust_syn_0538,card_not_enrolled,PAYMENT,698.12,HIGH,card,0,34,0,0.0,2,acc_syn_training,0.6154,0.3846,41.57,0,3135.68,391.96,25,13
case_syn_0085,cust_syn_0259,card_not_enrolled,PAYMENT,359.87,HIGH,card,0,52,0,0.6,0,acc_syn_training,0.4333,0.5667,14.14,0,18478.85,1421.45,37,30
case_syn_0287,cust_syn_0501,payment_timed_out,PAYMENT,1096.89,MEDIUM,netbanking,2,12,1,0.3333,2,acc_syn_training,0.5,0.5,23.96,24,14128.3,1412.83,18,20
case_syn_0083,cust_syn_0342,card_not_enrolled,PAYMENT,307.47,HIGH,card,0,10,0,0.4286,5,acc_syn_training,0.7692,0.2308,1.8,0,10976.4,548.82,1,26
case_syn_0992,cust_syn_0996,captured,PAYMENT,1773.65,MEDIUM,upi,1,7,1,0.5,2,acc_syn_training,0.2857,0.7143,42.24,24,16974.88,4243.72,23,14
case_syn_0790,cust_syn_0914,invoice.expired,INVOICE,17631.08,HIGH,invoice,0,19,1,0.1429,1,acc_syn_training,0.7692,0.2308,30.73,18,22782.4,1139.12,10,26
case_syn_0895,cust_syn_0199,checkout.abandoned,CHECKOUT_SESSION,529.21,MEDIUM,upi,0,69,1,0.0,3,acc_syn_training,0.5294,0.4706,65.72,18,16329.6,1814.4,19,17
case_syn_0399,cust_syn_0234,insufficient_funds,PAYMENT,1913.27,MEDIUM,upi,2,65,0,0.4,1,acc_syn_training,0.6471,0.3529,13.61,6,29577.24,2688.84,21,17
case_syn_0324,cust_syn_0963,card_declined,PAYMENT,3420.98,HIGH,card,1,45,0,0.5,0,acc_syn_training,0.5172,0.4828,57.46,3,24896.7,1659.78,20,29
case_syn_0520,cust_syn_0574,card_expired,PAYMENT,2235.84,MEDIUM,card,0,19,0,0.25,1,acc_syn_training,0.4706,0.5294,67.17,6,6512.72,814.09,41,17
case_syn_0917,cust_syn_0171,checkout.abandoned,CHECKOUT_SESSION,1031.24,MEDIUM,checkout,0,59,1,0.5,1,acc_syn_training,0.6957,0.3043,36.44,3,32406.56,2025.41,2,23
case_syn_0923,cust_syn_0993,checkout.abandoned,CHECKOUT_SESSION,1068.15,MEDIUM,card,0,48,1,0.5714,2,acc_syn_training,0.7143,0.2857,36.56,3,5033.8,503.38,35,14
case_syn_0006,cust_syn_0105,card_not_enrolled,PAYMENT,2958.89,HIGH,card,0,39,0,0.6667,2,acc_syn_training,0.8125,0.1875,38.86,0,46063.68,3543.36,10,16
case_syn_0732,cust_syn_0137,invoice.expired,INVOICE,13375.89,HIGH,invoice,2,28,0,0.0,4,acc_syn_training,0.6875,0.3125,18.07,3,55175.78,2507.99,35,32
case_syn_0466,cust_syn_0836,insufficient_funds,PAYMENT,1227.08,MEDIUM,netbanking,0,38,0,0.3333,2,acc_syn_training,0.2963,0.7037,52.76,18,32527.28,4065.91,34,27
case_syn_0098,cust_syn_0132,card_not_enrolled,PAYMENT,3742.55,HIGH,card,0,8,1,0.0,0,acc_syn_training,0.6061,0.3939,9.67,0,69597.2,3479.86,35,33
case_syn_0267,cust_syn_0053,payment_timed_out,PAYMENT,2994.48,MEDIUM,card,2,61,0,0.0,4,acc_syn_training,0.6,0.4,43.06,18,80814.96,4489.72,2,30
case_syn_0358,cust_syn_0498,insufficient_funds,PAYMENT,2094.26,MEDIUM,netbanking,1,12,1,0.0,0,acc_syn_training,0.5714,0.4286,49.97,1,7191.6,898.95,22,14
case_syn_0869,cust_syn_0011,checkout.abandoned,CHECKOUT_SESSION,2365.28,MEDIUM,checkout,0,18,1,0.0,2,acc_syn_training,0.8276,0.1724,56.47,3,103773.12,4323.88,2,29
case_syn_0799,cust_syn_0083,invoice.expired,INVOICE,9493.39,HIGH,invoice,0,38,0,0.0,1,acc_syn_training,0.5789,0.4211,48.74,1,9232.08,839.28,41,19
case_syn_0381,cust_syn_0399,insufficient_funds,PAYMENT,602.38,MEDIUM,netbanking,0,44,0,0.0,0,acc_syn_training,0.7879,0.2121,66.42,3,39876.72,1533.72,12,33
case_syn_0632,cust_syn_0711,subscription.pending,SUBSCRIPTION,1910.54,MEDIUM,upi,1,47,0,0.0,4,acc_syn_training,0.7241,0.2759,22.19,18,68716.62,3272.22,11,29
case_syn_0382,cust_syn_0901,insufficient_funds,PAYMENT,720.79,MEDIUM,upi,2,11,1,0.1667,0,acc_syn_training,0.8182,0.1818,6.02,24,27151.47,3016.83,16,11
case_syn_0491,cust_syn_0305,card_expired,PAYMENT,1039.73,MEDIUM,card,1,64,1,0.0,1,acc_syn_training,0.5882,0.4118,40.81,6,42843.2,4284.32,0,17
case_syn_0119,cust_syn_0736,card_not_enrolled,PAYMENT,2774.96,HIGH,card,0,8,1,0.25,0,acc_syn_training,0.7667,0.2333,47.45,0,65656.26,2854.62,37,30
case_syn_0901,cust_syn_0286,checkout.abandoned,CHECKOUT_SESSION,1599.87,MEDIUM,card,0,44,1,0.5,4,acc_syn_training,0.5714,0.4286,40.59,24,49454.24,3090.89,39,28
case_syn_0251,cust_syn_0389,payment_timed_out,PAYMENT,1163.79,MEDIUM,upi,2,28,1,0.3333,3,acc_syn_training,0.3448,0.6552,11.49,3,13163.7,1316.37,35,29
case_syn_0524,cust_syn_0992,card_expired,PAYMENT,1399.28,MEDIUM,card,1,34,1,0.4286,4,acc_syn_training,0.8,0.2,29.23,3,45303.84,2831.49,19,20
case_syn_0010,cust_syn_0429,card_not_enrolled,PAYMENT,1160.48,HIGH,card,0,50,1,0.5,0,acc_syn_training,0.8,0.2,58.55,0,7288.56,911.07,7,10
case_syn_0197,cust_syn_0979,payment_risk_check_failed,PAYMENT,3464.1,CRITICAL,card,0,63,0,0.3333,4,acc_syn_training,0.7273,0.2727,65.93,0,25233.2,3154.15,42,11
case_syn_0604,cust_syn_0740,subscription.pending,SUBSCRIPTION,451.87,MEDIUM,emandate,1,51,1,1.0,4,acc_syn_training,0.3846,0.6154,34.7,1,62908.95,4193.93,23,39
case_syn_0082,cust_syn_0277,card_not_enrolled,PAYMENT,3782.41,HIGH,card,0,22,0,0.0,5,acc_syn_training,0.7619,0.2381,69.95,0,52094.24,3255.89,20,21
case_syn_0784,cust_syn_0050,invoice.expired,INVOICE,20189.65,HIGH,invoice,1,57,1,1.0,4,acc_syn_training,0.6818,0.3182,48.78,24,10716.75,714.45,32,22
case_syn_0588,cust_syn_0977,subscription.pending,SUBSCRIPTION,308.95,MEDIUM,upi,1,10,1,0.0,1,acc_syn_training,0.4,0.6,42.37,1,11231.04,1871.84,33,15
case_syn_0798,cust_syn_0974,invoice.expired,INVOICE,7817.91,HIGH,invoice,2,10,0,0.6667,4,acc_syn_training,0.4167,0.5833,17.21,24,20838.35,4167.67,39,12
case_syn_0240,cust_syn_0476,payment_timed_out,PAYMENT,2265.39,MEDIUM,card,2,53,0,0.6667,1,acc_syn_training,0.5278,0.4722,9.4,0,41570.86,2187.94,0,36
case_syn_0291,cust_syn_0577,payment_timed_out,PAYMENT,2723.82,MEDIUM,netbanking,1,21,0,0.5,5,acc_syn_training,0.7308,0.2692,52.75,24,36475.25,1919.75,24,26
case_syn_0212,cust_syn_0301,payment_risk_check_failed,PAYMENT,1074.69,CRITICAL,card,0,40,1,0.0,0,acc_syn_training,0.64,0.36,31.31,0,42356.96,2647.31,13,25
case_syn_0718,cust_syn_0874,subscription.halted,SUBSCRIPTION,1080.83,HIGH,emandate,3,40,0,0.6667,0,acc_syn_training,0.3889,0.6111,51.17,6,15012.62,1072.33,14,36
case_syn_0360,cust_syn_1000,insufficient_funds,PAYMENT,881.66,MEDIUM,card,1,34,1,0.5,2,acc_syn_training,0.6,0.4,13.5,24,14023.62,1558.18,4,15
case_syn_0450,cust_syn_0865,insufficient_funds,PAYMENT,287.38,MEDIUM,netbanking,2,25,0,0.3333,3,acc_syn_training,0.8,0.2,29.43,18,51155.28,4262.94,0,15
case_syn_0228,cust_syn_0857,payment_risk_check_failed,PAYMENT,8508.66,CRITICAL,upi,0,53,0,0.2,4,acc_syn_training,0.7647,0.2353,70.08,0,12199.2,469.2,24,34
case_syn_0951,cust_syn_0076,captured,PAYMENT,1599.79,MEDIUM,upi,1,11,1,0.3333,5,acc_syn_training,0.6842,0.3158,34.97,6,111723.56,4297.06,42,38
case_syn_0947,cust_syn_0275,captured,PAYMENT,1714.22,MEDIUM,netbanking,1,52,1,0.1429,4,acc_syn_training,0.7727,0.2273,15.42,1,53119.39,3124.67,27,22
case_syn_0797,cust_syn_0705,invoice.expired,INVOICE,20721.02,HIGH,invoice,1,53,0,0.3333,4,acc_syn_training,0.7143,0.2857,50.22,18,70026.6,3501.33,42,28
case_syn_0502,cust_syn_0509,card_expired,PAYMENT,4258.66,MEDIUM,card,0,22,1,0.0,4,acc_syn_training,0.6,0.4,34.25,24,18516.0,3086.0,4,10
case_syn_0465,cust_syn_0686,insufficient_funds,PAYMENT,2023.77,MEDIUM,netbanking,1,64,1,0.0,3,acc_syn_training,0.7143,0.2857,3.28,6,7966.7,796.67,1,14
case_syn_0363,cust_syn_0621,insufficient_funds,PAYMENT,1745.9,MEDIUM,netbanking,0,44,1,0.0,0,acc_syn_training,0.7436,0.2564,24.05,3,40942.2,1411.8,33,39
case_syn_0469,cust_syn_0178,insufficient_funds,PAYMENT,689.51,MEDIUM,netbanking,0,30,1,0.5,4,acc_syn_training,0.5385,0.4615,71.05,6,45049.9,3217.85,20,26
case_syn_0936,cust_syn_0820,checkout.abandoned,CHECKOUT_SESSION,227.18,MEDIUM,checkout,0,20,1,0.5,4,acc_syn_training,0.75,0.25,64.87,6,40637.94,1935.14,36,28
case_syn_0429,cust_syn_0381,insufficient_funds,PAYMENT,370.27,MEDIUM,netbanking,2,24,1,0.4,4,acc_syn_training,0.7619,0.2381,24.25,6,50395.68,3149.73,30,21
case_syn_0008,cust_syn_0262,card_not_enrolled,PAYMENT,2752.78,HIGH,card,0,29,0,0.3333,3,acc_syn_training,0.6154,0.3846,57.8,0,52122.24,3257.64,27,26
case_syn_0156,cust_syn_0486,payment_risk_check_failed,PAYMENT,80000.0,CRITICAL,upi,0,14,0,1.0,5,acc_syn_training,0.5405,0.4595,40.67,0,63593.6,3179.68,15,37
case_syn_0542,cust_syn_0693,card_expired,PAYMENT,1707.88,MEDIUM,card,0,29,0,0.2,3,acc_syn_training,0.75,0.25,42.87,6,61442.1,3413.45,21,24
case_syn_0441,cust_syn_0730,insufficient_funds,PAYMENT,2363.33,MEDIUM,netbanking,0,25,0,0.7143,2,acc_syn_training,0.6071,0.3929,31.24,18,32568.43,1915.79,44,28
case_syn_0483,cust_syn_0635,card_expired,PAYMENT,4367.27,MEDIUM,card,1,22,0,0.75,4,acc_syn_training,0.5556,0.4444,63.56,24,15446.7,1544.67,4,18
case_syn_0423,cust_syn_0459,insufficient_funds,PAYMENT,864.9,MEDIUM,netbanking,0,50,1,0.3333,2,acc_syn_training,0.7,0.3,50.26,1,24368.68,1740.62,13,20
case_syn_0779,cust_syn_0013,invoice.expired,INVOICE,19420.14,HIGH,invoice,2,47,0,0.0,1,acc_syn_training,0.5769,0.4231,3.17,24,62145.75,4143.05,6,26
case_syn_0950,cust_syn_0768,captured,PAYMENT,585.9,MEDIUM,upi,0,70,1,0.8,0,acc_syn_training,0.6111,0.3889,27.94,6,26612.41,2419.31,25,18
case_syn_0335,cust_syn_0120,currency_not_supported,PAYMENT,3454.42,HIGH,upi,0,14,1,0.0,1,acc_syn_training,0.7692,0.2308,54.88,24,40020.1,4002.01,31,13
case_syn_0577,cust_syn_0788,subscription.pending,SUBSCRIPTION,1706.1,MEDIUM,upi,1,28,1,0.6,5,acc_syn_training,0.4815,0.5185,25.95,1,10985.26,845.02,20,27
case_syn_0935,cust_syn_0738,checkout.abandoned,CHECKOUT_SESSION,537.74,MEDIUM,card,0,11,1,0.8,4,acc_syn_training,0.6333,0.3667,5.5,12,53666.64,2824.56,12,30
case_syn_0568,cust_syn_0592,subscription.pending,SUBSCRIPTION,840.71,MEDIUM,upi,2,39,1,0.6,4,acc_syn_training,0.7826,0.2174,51.72,6,57919.68,3217.76,23,23
case_syn_0595,cust_syn_0800,subscription.pending,SUBSCRIPTION,1702.15,MEDIUM,card,2,24,1,0.4,4,acc_syn_training,0.625,0.375,30.32,1,9772.2,488.61,30,32
case_syn_0531,cust_syn_0771,card_expired,PAYMENT,2056.31,MEDIUM,card,1,26,0,0.0,4,acc_syn_training,0.8182,0.1818,13.44,1,57540.06,3196.67,34,22
case_syn_0582,cust_syn_0393,subscription.pending,SUBSCRIPTION,1215.69,MEDIUM,upi,1,12,0,0.0,3,acc_syn_training,0.5455,0.4545,14.06,6,9986.52,1664.42,9,11
case_syn_0708,cust_syn_0431,subscription.halted,SUBSCRIPTION,838.45,HIGH,card,5,52,0,0.5,4,acc_syn_training,0.6429,0.3571,57.42,1,8722.98,484.61,20,28
case_syn_0449,cust_syn_0464,insufficient_funds,PAYMENT,2400.36,MEDIUM,card,2,58,0,0.5,4,acc_syn_training,0.2778,0.7222,56.64,6,5999.35,1199.87,43,18
case_syn_0454,cust_syn_0326,insufficient_funds,PAYMENT,479.84,MEDIUM,upi,2,12,0,0.5,2,acc_syn_training,0.381,0.619,36.91,18,19351.12,2418.89,0,21
case_syn_0229,cust_syn_0261,payment_risk_check_failed,PAYMENT,9247.74,CRITICAL,card,0,23,1,0.6667,5,acc_syn_training,0.7714,0.2286,67.49,0,14962.05,554.15,23,35
case_syn_0353,cust_syn_0612,insufficient_funds,PAYMENT,946.5,MEDIUM,upi,0,62,1,0.2,2,acc_syn_training,0.65,0.35,49.94,1,57270.59,4405.43,2,20
case_syn_0729,cust_syn_0674,invoice.expired,INVOICE,5029.0,HIGH,invoice,0,66,1,0.5,2,acc_syn_training,0.4375,0.5625,53.2,12,43821.54,3130.11,13,32
case_syn_0213,cust_syn_0136,payment_risk_check_failed,PAYMENT,4042.76,CRITICAL,card,0,24,0,0.2857,4,acc_syn_training,0.3636,0.6364,25.4,0,5815.68,484.64,38,33
case_syn_0080,cust_syn_0103,card_not_enrolled,PAYMENT,3373.0,HIGH,card,0,10,1,0.0,3,acc_syn_training,0.56,0.44,48.33,0,58686.6,4191.9,44,25
case_syn_0149,cust_syn_0982,payment_risk_check_failed,PAYMENT,80000.0,CRITICAL,card,0,54,0,0.6667,2,acc_syn_training,0.5769,0.4231,32.64,0,55392.0,3692.8,12,26
case_syn_0303,cust_syn_0720,card_declined,PAYMENT,4514.4,HIGH,card,1,65,1,0.5,0,acc_syn_training,0.3333,0.6667,42.49,6,24410.76,2034.23,1,36
case_syn_0629,cust_syn_0723,subscription.pending,SUBSCRIPTION,1930.03,MEDIUM,upi,1,71,1,1.0,4,acc_syn_training,0.9091,0.0909,2.27,3,9775.3,977.53,11,11
case_syn_0778,cust_syn_0671,invoice.expired,INVOICE,22847.78,HIGH,invoice,2,0,0,0.5,5,acc_syn_training,0.7222,0.2778,12.14,6,34313.11,2639.47,44,18
case_syn_0507,cust_syn_0409,card_expired,PAYMENT,3044.54,MEDIUM,card,0,18,1,0.5,3,acc_syn_training,0.5897,0.4103,44.0,1,93228.2,4053.4,9,39
case_syn_0343,cust_syn_0268,currency_not_supported,PAYMENT,2320.26,HIGH,upi,0,9,0,1.0,3,acc_syn_training,0.5556,0.4444,5.42,12,30038.4,3003.84,37,18
case_syn_0486,cust_syn_0687,card_expired,PAYMENT,2754.07,MEDIUM,card,0,39,1,0.5,0,acc_syn_training,0.5333,0.4667,57.89,24,20065.68,2508.21,13,15
case_syn_0712,cust_syn_0363,subscription.halted,SUBSCRIPTION,2174.85,HIGH,emandate,5,52,0,0.0,3,acc_syn_training,0.7273,0.2727,50.54,1,35544.08,4443.01,33,11
case_syn_0134,cust_syn_0676,card_not_enrolled,PAYMENT,1474.01,HIGH,card,0,11,0,0.4,1,acc_syn_training,0.7368,0.2632,38.71,0,50030.12,1786.79,0,38
case_syn_0704,cust_syn_0197,subscription.halted,SUBSCRIPTION,3411.03,HIGH,emandate,5,66,0,0.0,4,acc_syn_training,0.3704,0.6296,36.15,12,11499.0,1149.9,8,27
case_syn_0312,cust_syn_0960,card_declined,PAYMENT,659.43,HIGH,card,0,68,0,0.0,1,acc_syn_training,0.4643,0.5357,21.13,3,49777.13,3829.01,24,28
case_syn_0723,cust_syn_0752,subscription.halted,SUBSCRIPTION,878.18,HIGH,emandate,4,61,0,0.6667,1,acc_syn_training,0.4167,0.5833,51.08,24,6261.3,1252.26,3,12
case_syn_0630,cust_syn_0670,subscription.pending,SUBSCRIPTION,1046.98,MEDIUM,emandate,1,3,1,0.0,2,acc_syn_training,0.75,0.25,49.2,6,75455.28,2794.64,12,36
case_syn_0001,cust_syn_0058,card_not_enrolled,PAYMENT,1161.72,HIGH,card,0,47,0,0.0,2,acc_syn_training,0.5294,0.4706,22.1,0,10168.56,1129.84,17,17
case_syn_0317,cust_syn_0689,card_declined,PAYMENT,3254.11,HIGH,card,2,60,0,0.5,3,acc_syn_training,0.6053,0.3947,29.21,18,76567.23,3329.01,31,38
case_syn_0707,cust_syn_0023,subscription.halted,SUBSCRIPTION,1484.28,HIGH,card,3,39,0,0.6667,0,acc_syn_training,0.3333,0.6667,60.09,24,27235.45,2475.95,4,33
case_syn_0548,cust_syn_0797,card_expired,PAYMENT,1467.66,MEDIUM,card,0,40,1,1.0,2,acc_syn_training,0.8571,0.1429,27.19,1,70337.88,3907.66,19,21
case_syn_0873,cust_syn_0401,checkout.abandoned,CHECKOUT_SESSION,1828.31,MEDIUM,card,0,65,1,0.5,5,acc_syn_training,0.7692,0.2308,21.27,12,20193.3,2019.33,36,13
case_syn_0533,cust_syn_0211,card_expired,PAYMENT,1074.25,MEDIUM,card,0,40,1,0.25,4,acc_syn_training,0.5,0.5,24.91,12,59612.8,3725.8,29,32
case_syn_0478,cust_syn_0102,card_expired,PAYMENT,1508.59,MEDIUM,card,1,48,0,0.5,0,acc_syn_training,0.6071,0.3929,25.22,3,27421.68,1613.04,17,28
case_syn_0405,cust_syn_0807,insufficient_funds,PAYMENT,970.98,MEDIUM,netbanking,2,64,1,0.2,1,acc_syn_training,0.6522,0.3478,59.19,12,53567.4,3571.16,3,23
case_syn_0173,cust_syn_0813,payment_risk_check_failed,PAYMENT,8624.43,CRITICAL,upi,0,21,0,0.0,0,acc_syn_training,0.3529,0.6471,35.43,0,9737.52,811.46,28,34
case_syn_0126,cust_syn_0340,card_not_enrolled,PAYMENT,2603.24,HIGH,card,0,16,1,0.2,5,acc_syn_training,0.1667,0.8333,37.71,0,14583.25,2916.65,35,30
case_syn_0395,cust_syn_0449,insufficient_funds,PAYMENT,1721.8,MEDIUM,upi,2,70,1,0.5,3,acc_syn_training,0.8286,0.1714,8.05,1,117193.93,4041.17,10,35
case_syn_0421,cust_syn_0934,insufficient_funds,PAYMENT,584.46,MEDIUM,netbanking,0,64,0,0.25,5,acc_syn_training,0.4615,0.5385,61.81,18,24793.62,4132.27,28,13
case_syn_0553,cust_syn_0805,card_expired,PAYMENT,1738.58,MEDIUM,card,1,31,0,0.8,0,acc_syn_training,0.4545,0.5455,30.34,18,26604.15,1773.61,38,33
case_syn_0904,cust_syn_0566,checkout.abandoned,CHECKOUT_SESSION,1063.69,MEDIUM,upi,0,44,1,0.2857,1,acc_syn_training,0.5938,0.4062,26.01,24,60462.75,3182.25,3,32
case_syn_0091,cust_syn_0203,card_not_enrolled,PAYMENT,1821.91,HIGH,card,0,36,0,0.3333,3,acc_syn_training,0.5263,0.4737,50.32,0,25671.2,2567.12,36,19
case_syn_0940,cust_syn_0617,checkout.abandoned,CHECKOUT_SESSION,1255.04,MEDIUM,checkout,0,58,1,0.5,4,acc_syn_training,0.5,0.5,6.94,3,61045.88,4360.42,18,28
case_syn_0182,cust_syn_0322,payment_risk_check_failed,PAYMENT,18127.04,CRITICAL,card,0,35,0,0.0,5,acc_syn_training,0.7333,0.2667,39.12,0,17226.22,1566.02,41,15
case_syn_0275,cust_syn_0233,payment_timed_out,PAYMENT,1535.8,MEDIUM,card,2,42,0,0.5,0,acc_syn_training,0.6923,0.3077,1.34,12,15116.58,1679.62,14,13
case_syn_0896,cust_syn_0407,checkout.abandoned,CHECKOUT_SESSION,449.0,MEDIUM,upi,0,31,1,1.0,2,acc_syn_training,0.6207,0.3793,46.89,18,14112.54,784.03,13,29
case_syn_0070,cust_syn_0908,card_not_enrolled,PAYMENT,2084.96,HIGH,card,0,57,0,0.6667,4,acc_syn_training,0.4583,0.5417,19.49,0,8502.23,772.93,15,24
case_syn_0292,cust_syn_0540,card_declined,PAYMENT,3720.73,HIGH,card,1,34,1,0.0,2,acc_syn_training,0.7949,0.2051,68.68,1,34339.63,1107.73,44,39
case_syn_0132,cust_syn_0555,card_not_enrolled,PAYMENT,2725.44,HIGH,card,0,48,0,0.0,1,acc_syn_training,0.7143,0.2857,6.6,0,61115.0,3055.75,20,28
case_syn_0301,cust_syn_0072,card_declined,PAYMENT,4253.57,HIGH,card,1,11,1,0.0,2,acc_syn_training,0.9167,0.0833,70.74,1,97557.24,4434.42,42,24
case_syn_0425,cust_syn_0935,insufficient_funds,PAYMENT,2632.33,MEDIUM,netbanking,2,42,0,0.5,5,acc_syn_training,0.5714,0.4286,17.59,12,29005.92,1812.87,21,28
case_syn_0327,cust_syn_0293,card_declined,PAYMENT,3710.93,HIGH,card,1,13,1,0.2,4,acc_syn_training,0.5897,0.4103,61.43,6,102742.15,4467.05,40,39
case_syn_0145,cust_syn_0227,card_not_enrolled,PAYMENT,387.21,HIGH,card,0,38,0,0.3333,0,acc_syn_training,0.75,0.25,39.8,0,25324.38,937.94,13,36
case_syn_0424,cust_syn_0121,insufficient_funds,PAYMENT,1430.3,MEDIUM,upi,2,0,1,0.0,2,acc_syn_training,0.6857,0.3143,56.43,3,13133.04,547.21,26,35
case_syn_0581,cust_syn_0256,subscription.pending,SUBSCRIPTION,847.12,MEDIUM,emandate,1,12,0,0.4,1,acc_syn_training,0.6154,0.3846,25.21,24,20911.44,2613.93,36,13
case_syn_0136,cust_syn_0446,card_not_enrolled,PAYMENT,3112.36,HIGH,card,0,63,1,0.3333,2,acc_syn_training,0.4545,0.5455,26.27,0,41411.85,2760.79,12,33
case_syn_0451,cust_syn_0274,insufficient_funds,PAYMENT,2482.41,MEDIUM,upi,2,49,1,0.1667,4,acc_syn_training,0.6562,0.3438,31.41,24,54575.85,2598.85,37,32
case_syn_0165,cust_syn_0185,payment_risk_check_failed,PAYMENT,11156.52,CRITICAL,card,0,27,0,0.25,0,acc_syn_training,0.2692,0.7308,2.2,0,26607.0,3801.0,39,26
case_syn_0029,cust_syn_0571,card_not_enrolled,PAYMENT,2752.15,HIGH,card,0,52,1,0.5,5,acc_syn_training,0.7368,0.2632,14.58,0,124476.52,4445.59,38,38
case_syn_0774,cust_syn_0193,invoice.expired,INVOICE,18533.69,HIGH,invoice,2,9,0,0.6667,3,acc_syn_training,0.5455,0.4545,42.34,18,23618.04,1968.17,15,22
case_syn_0194,cust_syn_0656,payment_risk_check_failed,PAYMENT,12739.38,CRITICAL,card,0,45,0,0.5714,4,acc_syn_training,0.4167,0.5833,57.8,0,39961.35,2664.09,21,36
case_syn_0389,cust_syn_0146,insufficient_funds,PAYMENT,1550.52,MEDIUM,card,0,68,0,0.0,0,acc_syn_training,0.6667,0.3333,36.26,1,73793.16,4099.62,34,27
case_syn_0853,cust_syn_0537,checkout.abandoned,CHECKOUT_SESSION,2371.58,MEDIUM,checkout,0,37,0,0.4,1,acc_syn_training,0.4737,0.5263,24.67,12,8673.57,963.73,4,19
case_syn_0170,cust_syn_0685,payment_risk_check_failed,PAYMENT,15362.87,CRITICAL,upi,0,40,0,0.0,4,acc_syn_training,0.6087,0.3913,35.51,0,5601.96,400.14,9,23
case_syn_0706,cust_syn_0194,subscription.halted,SUBSCRIPTION,3396.0,HIGH,emandate,4,14,0,0.2857,1,acc_syn_training,0.7931,0.2069,49.05,6,91084.6,3960.2,4,29
case_syn_0141,cust_syn_0173,card_not_enrolled,PAYMENT,517.51,HIGH,card,0,4,0,0.5,0,acc_syn_training,0.8125,0.1875,37.13,0,48328.54,3717.58,13,16
case_syn_0174,cust_syn_0532,payment_risk_check_failed,PAYMENT,2809.51,CRITICAL,upi,0,45,0,0.5,0,acc_syn_training,0.3704,0.6296,33.07,0,24849.3,2484.93,31,27
case_syn_0007,cust_syn_0390,card_not_enrolled,PAYMENT,3364.61,HIGH,card,0,66,1,0.3333,4,acc_syn_training,0.75,0.25,56.49,0,41692.8,2779.52,29,20
case_syn_0746,cust_syn_0400,invoice.expired,INVOICE,3557.95,HIGH,invoice,2,71,1,0.6667,2,acc_syn_training,0.76,0.24,35.39,1,22783.28,1199.12,6,25
case_syn_0479,cust_syn_0927,card_expired,PAYMENT,4899.42,MEDIUM,card,1,69,1,0.0,3,acc_syn_training,0.6364,0.3636,48.32,24,40491.92,2892.28,34,22
case_syn_0074,cust_syn_0474,card_not_enrolled,PAYMENT,2547.47,HIGH,card,0,49,1,0.0,2,acc_syn_training,0.6296,0.3704,61.57,0,51600.78,3035.34,35,27
case_syn_0911,cust_syn_0007,checkout.abandoned,CHECKOUT_SESSION,997.69,MEDIUM,card,0,23,0,0.6,2,acc_syn_training,0.4783,0.5217,12.03,12,36520.33,3320.03,40,23
case_syn_0814,cust_syn_0318,checkout.abandoned,CHECKOUT_SESSION,494.87,MEDIUM,card,0,4,0,0.25,0,acc_syn_training,0.6216,0.3784,9.37,3,59135.07,2571.09,17,37
case_syn_0239,cust_syn_0463,payment_timed_out,PAYMENT,1353.3,MEDIUM,upi,1,67,1,0.5,1,acc_syn_training,0.8421,0.1579,46.05,0,25448.32,795.26,25,38
case_syn_0146,cust_syn_0842,payment_risk_check_failed,PAYMENT,80000.0,CRITICAL,upi,0,17,0,0.4,0,acc_syn_training,0.875,0.125,41.56,0,59957.38,4282.67,21,16
case_syn_0793,cust_syn_0495,invoice.expired,INVOICE,13990.66,HIGH,invoice,0,24,0,0.5,4,acc_syn_training,0.5714,0.4286,15.53,3,4804.92,400.41,29,21
case_syn_0235,cust_syn_0198,payment_risk_check_failed,PAYMENT,6855.56,CRITICAL,card,0,2,0,0.5,5,acc_syn_training,0.4545,0.5455,30.51,0,11080.25,2216.05,5,11
case_syn_0221,cust_syn_0801,payment_risk_check_failed,PAYMENT,10700.11,CRITICAL,upi,0,1,0,0.6667,0,acc_syn_training,0.4,0.6,40.59,0,13656.2,3414.05,15,10
case_syn_0924,cust_syn_0861,checkout.abandoned,CHECKOUT_SESSION,1456.81,MEDIUM,upi,0,5,0,0.6667,4,acc_syn_training,0.5455,0.4545,0.57,18,51706.62,2872.59,11,33
case_syn_0501,cust_syn_0113,card_expired,PAYMENT,1402.83,MEDIUM,card,1,59,1,0.6667,0,acc_syn_training,0.2571,0.7429,15.22,1,3595.5,399.5,12,35
case_syn_0133,cust_syn_0883,card_not_enrolled,PAYMENT,2593.65,HIGH,card,0,65,0,0.7143,0,acc_syn_training,0.4375,0.5625,12.97,0,19921.02,2845.86,22,16
case_syn_0991,cust_syn_0780,captured,PAYMENT,672.48,MEDIUM,netbanking,1,64,1,0.0,4,acc_syn_training,0.5385,0.4615,1.26,12,16738.12,2391.16,40,13
case_syn_0775,cust_syn_0038,invoice.expired,INVOICE,16986.47,HIGH,invoice,0,26,0,0.5,3,acc_syn_training,0.7917,0.2083,42.56,3,22323.48,1174.92,14,24
case_syn_0186,cust_syn_0825,payment_risk_check_failed,PAYMENT,14586.54,CRITICAL,card,0,20,0,0.5,0,acc_syn_training,0.5263,0.4737,50.91,0,30627.0,3062.7,33,19
case_syn_0042,cust_syn_0139,card_not_enrolled,PAYMENT,389.08,HIGH,card,0,28,1,0.5,0,acc_syn_training,0.8182,0.1818,5.6,0,5692.59,632.51,2,11
case_syn_0697,cust_syn_0042,subscription.halted,SUBSCRIPTION,3935.04,HIGH,card,4,20,1,0.75,5,acc_syn_training,0.9048,0.0952,28.23,24,61711.62,3247.98,28,21
case_syn_0109,cust_syn_0129,card_not_enrolled,PAYMENT,581.2,HIGH,card,0,17,1,0.2,2,acc_syn_training,0.45,0.55,29.34,0,39849.3,4427.7,10,20
case_syn_0589,cust_syn_0469,subscription.pending,SUBSCRIPTION,1446.57,MEDIUM,emandate,1,19,1,0.0,0,acc_syn_training,0.5833,0.4167,19.39,24,26029.43,3718.49,7,12
case_syn_0057,cust_syn_0247,card_not_enrolled,PAYMENT,3366.36,HIGH,card,0,44,0,0.5,5,acc_syn_training,0.5946,0.4054,7.53,0,45405.36,2063.88,31,37
case_syn_0406,cust_syn_0523,insufficient_funds,PAYMENT,1768.79,MEDIUM,card,1,16,0,0.4286,1,acc_syn_training,0.4375,0.5625,9.23,3,25325.86,3617.98,41,16
case_syn_0443,cust_syn_0743,insufficient_funds,PAYMENT,2699.3,MEDIUM,netbanking,1,33,1,0.5,0,acc_syn_training,0.9032,0.0968,41.16,3,13559.56,484.27,18,31
case_syn_0758,cust_syn_0096,invoice.expired,INVOICE,10756.83,HIGH,invoice,1,40,0,1.0,2,acc_syn_training,0.7647,0.2353,5.22,3,40635.01,3125.77,0,17
case_syn_0998,cust_syn_0159,captured,PAYMENT,319.07,MEDIUM,netbanking,2,43,1,0.6667,1,acc_syn_training,0.7,0.3,2.79,1,51827.37,2467.97,30,30
case_syn_0025,cust_syn_0214,card_not_enrolled,PAYMENT,308.73,HIGH,card,0,36,0,0.5,2,acc_syn_training,0.3125,0.6875,1.37,0,22306.05,4461.21,25,16
case_syn_0468,cust_syn_0552,insufficient_funds,PAYMENT,605.0,MEDIUM,netbanking,0,58,1,0.8333,1,acc_syn_training,0.7059,0.2941,43.3,12,48980.28,4081.69,23,17
case_syn_0540,cust_syn_0845,card_expired,PAYMENT,4081.45,MEDIUM,card,0,13,0,0.0,3,acc_syn_training,0.4839,0.5161,21.65,1,14968.2,997.88,5,31
case_syn_0532,cust_syn_0546,card_expired,PAYMENT,3991.54,MEDIUM,card,0,3,1,0.5,3,acc_syn_training,0.7188,0.2812,19.13,18,22273.2,968.4,41,32
case_syn_0619,cust_syn_0679,subscription.pending,SUBSCRIPTION,696.15,MEDIUM,card,1,15,1,0.0,4,acc_syn_training,0.6389,0.3611,67.43,18,23153.41,1006.67,8,36
case_syn_0695,cust_syn_0224,subscription.halted,SUBSCRIPTION,3508.21,HIGH,emandate,3,41,0,0.6667,4,acc_syn_training,0.7391,0.2609,18.04,1,35912.67,2112.51,9,23
case_syn_0927,cust_syn_0405,checkout.abandoned,CHECKOUT_SESSION,370.53,MEDIUM,card,0,12,0,0.1429,1,acc_syn_training,0.4242,0.5758,60.76,18,5873.14,419.51,32,33
case_syn_0339,cust_syn_0073,currency_not_supported,PAYMENT,4099.16,HIGH,card,0,35,0,0.0,0,acc_syn_training,0.7407,0.2593,61.41,3,26526.8,1326.34,16,27
case_syn_0052,cust_syn_0287,card_not_enrolled,PAYMENT,2644.51,HIGH,card,0,37,0,0.4,1,acc_syn_training,0.375,0.625,58.03,0,22464.24,3744.04,22,16
case_syn_0508,cust_syn_0196,card_expired,PAYMENT,4547.36,MEDIUM,card,1,41,0,0.6667,4,acc_syn_training,0.3636,0.6364,55.73,6,7516.84,1879.21,36,11
case_syn_0517,cust_syn_0086,card_expired,PAYMENT,3109.81,MEDIUM,card,0,16,0,0.0,2,acc_syn_training,0.7143,0.2857,42.4,3,33642.25,1345.69,18,35
case_syn_0921,cust_syn_0156,checkout.abandoned,CHECKOUT_SESSION,1510.95,MEDIUM,upi,0,12,0,0.0,5,acc_syn_training,0.7083,0.2917,15.89,1,57292.04,3370.12,38,24
case_syn_0782,cust_syn_0302,invoice.expired,INVOICE,16932.75,HIGH,invoice,2,59,1,0.4,0,acc_syn_training,0.5714,0.4286,19.86,18,30794.16,2566.18,14,21
case_syn_0265,cust_syn_0815,payment_timed_out,PAYMENT,930.07,MEDIUM,upi,1,68,0,0.0,5,acc_syn_training,0.64,0.36,43.7,12,16834.08,1052.13,30,25
case_syn_0818,cust_syn_0994,checkout.abandoned,CHECKOUT_SESSION,210.91,MEDIUM,upi,0,54,0,0.6667,5,acc_syn_training,0.697,0.303,53.25,12,44132.86,1918.82,41,33
case_syn_0711,cust_syn_0355,subscription.halted,SUBSCRIPTION,3236.9,HIGH,card,4,15,0,0.2857,3,acc_syn_training,0.625,0.375,33.42,18,21838.4,2183.84,0,16
case_syn_0683,cust_syn_0956,subscription.halted,SUBSCRIPTION,786.96,HIGH,emandate,4,72,0,0.0,4,acc_syn_training,0.3636,0.6364,14.74,3,26335.44,3291.93,42,22
case_syn_0833,cust_syn_0879,checkout.abandoned,CHECKOUT_SESSION,1501.08,MEDIUM,checkout,0,31,0,0.5,0,acc_syn_training,0.7333,0.2667,3.95,6,69349.72,3152.26,10,30
case_syn_0519,cust_syn_0313,card_expired,PAYMENT,4202.03,MEDIUM,card,1,72,0,0.4286,0,acc_syn_training,0.6923,0.3077,31.39,12,21297.24,2366.36,3,13
case_syn_0448,cust_syn_0907,insufficient_funds,PAYMENT,2869.03,MEDIUM,card,0,57,1,0.0,3,acc_syn_training,0.6111,0.3889,37.68,18,42327.78,1923.99,44,36
case_syn_0019,cust_syn_0709,card_not_enrolled,PAYMENT,1993.1,HIGH,card,0,46,1,0.5,2,acc_syn_training,0.625,0.375,67.24,0,27046.2,1803.08,5,24
case_syn_0716,cust_syn_0125,subscription.halted,SUBSCRIPTION,1385.28,HIGH,card,5,72,1,0.0,5,acc_syn_training,0.8065,0.1935,25.14,12,70669.25,2826.77,44,31
case_syn_0484,cust_syn_0235,card_expired,PAYMENT,3294.21,MEDIUM,card,0,49,1,0.2,1,acc_syn_training,0.6667,0.3333,7.61,18,28578.2,2857.82,32,15
case_syn_0569,cust_syn_0881,subscription.pending,SUBSCRIPTION,1613.42,MEDIUM,emandate,2,24,0,0.8,4,acc_syn_training,0.7333,0.2667,58.03,1,6107.86,555.26,40,15
case_syn_0434,cust_syn_0005,insufficient_funds,PAYMENT,1514.84,MEDIUM,card,2,47,1,0.1667,3,acc_syn_training,0.7273,0.2727,55.2,18,54051.84,2252.16,25,33
case_syn_0368,cust_syn_0887,insufficient_funds,PAYMENT,380.52,MEDIUM,upi,2,40,1,0.6667,2,acc_syn_training,0.6486,0.3514,18.39,18,30159.6,1256.65,41,37
case_syn_0084,cust_syn_0190,card_not_enrolled,PAYMENT,2744.77,HIGH,card,0,45,0,0.0,2,acc_syn_training,0.6667,0.3333,70.18,0,56665.08,3148.06,18,27
case_syn_0062,cust_syn_0511,card_not_enrolled,PAYMENT,3006.78,HIGH,card,0,25,1,0.3333,2,acc_syn_training,0.697,0.303,62.6,0,79783.09,3468.83,35,33
case_syn_0639,cust_syn_0551,subscription.pending,SUBSCRIPTION,927.86,MEDIUM,emandate,2,25,1,0.6,0,acc_syn_training,0.6,0.4,9.65,6,1632.12,272.02,3,10
case_syn_0273,cust_syn_0700,payment_timed_out,PAYMENT,898.66,MEDIUM,card,0,51,1,0.7143,0,acc_syn_training,0.5556,0.4444,45.85,24,84674.2,4233.71,1,36
case_syn_0286,cust_syn_0773,payment_timed_out,PAYMENT,1680.23,MEDIUM,netbanking,2,34,1,0.0,1,acc_syn_training,0.4615,0.5385,62.6,1,40298.16,3358.18,22,26
case_syn_0361,cust_syn_0480,insufficient_funds,PAYMENT,2699.51,MEDIUM,card,0,45,0,0.4,3,acc_syn_training,0.7273,0.2727,41.45,12,3124.0,390.5,3,11
case_syn_0355,cust_syn_0195,insufficient_funds,PAYMENT,1041.7,MEDIUM,upi,2,68,1,0.25,3,acc_syn_training,0.2857,0.7143,26.83,1,19944.66,3324.11,14,21
case_syn_0457,cust_syn_0818,insufficient_funds,PAYMENT,2661.96,MEDIUM,upi,2,8,0,0.5,1,acc_syn_training,0.8667,0.1333,17.98,3,9403.29,723.33,32,15
case_syn_0279,cust_syn_0398,payment_timed_out,PAYMENT,357.3,MEDIUM,upi,2,37,1,0.5,2,acc_syn_training,0.7222,0.2778,30.65,3,31420.22,1208.47,25,36
case_syn_0013,cust_syn_0895,card_not_enrolled,PAYMENT,1460.46,HIGH,card,0,72,1,0.6667,0,acc_syn_training,0.52,0.48,30.91,0,43919.59,3378.43,14,25
case_syn_0183,cust_syn_0337,payment_risk_check_failed,PAYMENT,2834.28,CRITICAL,card,0,72,0,0.5,4,acc_syn_training,0.5217,0.4783,62.17,0,27404.16,2283.68,4,23
case_syn_0369,cust_syn_0018,insufficient_funds,PAYMENT,1022.24,MEDIUM,upi,2,3,0,0.4286,3,acc_syn_training,0.5625,0.4375,2.28,1,75247.92,4180.44,24,32
case_syn_0882,cust_syn_0128,checkout.abandoned,CHECKOUT_SESSION,1952.65,MEDIUM,card,0,1,0,0.0,0,acc_syn_training,0.8182,0.1818,6.87,6,99690.75,3692.25,17,33
case_syn_0616,cust_syn_0068,subscription.pending,SUBSCRIPTION,1463.78,MEDIUM,card,2,16,1,0.8,4,acc_syn_training,0.8,0.2,7.98,3,32066.64,2672.22,40,15
case_syn_0224,cust_syn_0678,payment_risk_check_failed,PAYMENT,10943.21,CRITICAL,card,0,38,0,0.3333,3,acc_syn_training,0.5517,0.4483,53.78,0,19120.64,1195.04,11,29
case_syn_0573,cust_syn_0356,subscription.pending,SUBSCRIPTION,995.18,MEDIUM,card,2,16,0,0.0,3,acc_syn_training,0.3846,0.6154,21.97,1,3678.1,735.62,19,13
case_syn_0971,cust_syn_0724,captured,PAYMENT,611.3,MEDIUM,card,2,16,1,0.5,0,acc_syn_training,0.3571,0.6429,54.38,18,22156.2,4431.24,44,14
case_syn_0654,cust_syn_0087,subscription.pending,SUBSCRIPTION,689.41,MEDIUM,card,2,8,0,0.0,0,acc_syn_training,0.6667,0.3333,28.39,6,42491.16,3540.93,20,18
case_syn_0546,cust_syn_0775,card_expired,PAYMENT,978.9,MEDIUM,card,1,37,0,0.2857,3,acc_syn_training,0.8333,0.1667,57.28,12,21840.4,2184.04,8,12
case_syn_0583,cust_syn_0760,subscription.pending,SUBSCRIPTION,1936.55,MEDIUM,upi,1,46,0,0.4,5,acc_syn_training,0.8684,0.1316,10.94,1,109805.52,3327.44,40,38
case_syn_0634,cust_syn_0285,subscription.pending,SUBSCRIPTION,742.1,MEDIUM,emandate,2,62,1,0.0,3,acc_syn_training,0.7,0.3,64.15,6,11493.51,1641.93,41,10
case_syn_0177,cust_syn_0765,payment_risk_check_failed,PAYMENT,10694.05,CRITICAL,upi,0,21,0,0.0,1,acc_syn_training,0.3667,0.6333,22.45,0,48466.55,4406.05,14,30
case_syn_0666,cust_syn_0762,subscription.halted,SUBSCRIPTION,2736.54,HIGH,card,4,23,1,0.6,5,acc_syn_training,0.8235,0.1765,69.55,1,95144.56,3398.02,44,34
case_syn_0674,cust_syn_0085,subscription.halted,SUBSCRIPTION,3825.15,HIGH,card,3,66,0,0.5,5,acc_syn_training,0.4737,0.5263,66.56,3,23181.66,1287.87,14,38
case_syn_0586,cust_syn_0126,subscription.pending,SUBSCRIPTION,1096.23,MEDIUM,upi,2,37,1,0.4,5,acc_syn_training,0.8846,0.1154,58.56,24,22901.33,995.71,11,26
case_syn_0874,cust_syn_0037,checkout.abandoned,CHECKOUT_SESSION,1814.0,MEDIUM,upi,0,54,1,0.2,3,acc_syn_training,0.4706,0.5294,29.39,3,7046.96,880.87,41,17
case_syn_0394,cust_syn_0728,insufficient_funds,PAYMENT,770.49,MEDIUM,netbanking,2,56,1,0.5,1,acc_syn_training,0.4,0.6,8.79,18,49376.28,4114.69,13,30
case_syn_0164,cust_syn_0954,payment_risk_check_failed,PAYMENT,17811.22,CRITICAL,upi,0,9,0,0.1667,0,acc_syn_training,0.5714,0.4286,8.77,0,30335.84,1895.99,38,28
case_syn_0249,cust_syn_0010,payment_timed_out,PAYMENT,2973.62,MEDIUM,upi,1,65,0,1.0,1,acc_syn_training,0.5333,0.4667,35.82,12,3414.88,426.86,14,15
case_syn_0635,cust_syn_0065,subscription.pending,SUBSCRIPTION,1933.09,MEDIUM,upi,2,35,1,1.0,5,acc_syn_training,0.6667,0.3333,1.8,24,42985.46,3070.39,2,21
case_syn_0886,cust_syn_0846,checkout.abandoned,CHECKOUT_SESSION,211.78,MEDIUM,upi,0,10,0,0.3333,2,acc_syn_training,0.52,0.48,64.6,1,46179.64,3552.28,23,25
case_syn_0670,cust_syn_0499,subscription.halted,SUBSCRIPTION,3581.24,HIGH,emandate,4,63,0,0.25,5,acc_syn_training,0.7273,0.2727,41.9,18,8265.76,1033.22,11,11
case_syn_0376,cust_syn_0664,insufficient_funds,PAYMENT,2948.86,MEDIUM,card,2,18,0,0.6,1,acc_syn_training,0.85,0.15,42.86,24,73905.46,4347.38,0,20
case_syn_0413,cust_syn_0055,insufficient_funds,PAYMENT,2094.23,MEDIUM,netbanking,1,20,0,0.1667,3,acc_syn_training,0.5526,0.4474,21.91,6,57974.07,2760.67,38,38
case_syn_0075,cust_syn_0386,card_not_enrolled,PAYMENT,2048.68,HIGH,card,0,29,1,0.5,5,acc_syn_training,0.4,0.6,16.29,0,32114.04,2293.86,22,35
case_syn_0114,cust_syn_0713,card_not_enrolled,PAYMENT,3364.72,HIGH,card,0,28,0,0.6667,1,acc_syn_training,0.4211,0.5789,5.19,0,22649.36,2831.17,21,19
case_syn_0599,cust_syn_0357,subscription.pending,SUBSCRIPTION,486.85,MEDIUM,card,2,58,1,0.5,4,acc_syn_training,0.4571,0.5429,17.26,24,53244.96,3327.81,44,35
case_syn_0962,cust_syn_0483,captured,PAYMENT,272.35,MEDIUM,upi,0,55,1,0.5,0,acc_syn_training,0.5263,0.4737,4.5,3,78367.8,3918.39,22,38
case_syn_0391,cust_syn_0078,insufficient_funds,PAYMENT,1813.85,MEDIUM,netbanking,1,52,0,0.4,4,acc_syn_training,0.1333,0.8667,57.24,1,6882.12,3441.06,9,15
case_syn_0105,cust_syn_0737,card_not_enrolled,PAYMENT,3970.93,HIGH,card,0,16,0,0.3333,2,acc_syn_training,0.6364,0.3636,60.09,0,37834.3,2702.45,43,22
case_syn_0115,cust_syn_0658,card_not_enrolled,PAYMENT,2562.5,HIGH,card,0,64,0,0.4,3,acc_syn_training,0.7333,0.2667,14.77,0,81009.72,3682.26,23,30
case_syn_0418,cust_syn_0900,insufficient_funds,PAYMENT,1781.43,MEDIUM,upi,1,31,1,0.5714,1,acc_syn_training,0.6923,0.3077,11.6,6,28318.14,1048.82,3,39
case_syn_0526,cust_syn_0783,card_expired,PAYMENT,3484.34,MEDIUM,card,1,67,1,0.4286,4,acc_syn_training,0.6061,0.3939,36.2,18,11392.0,569.6,3,33
case_syn_0458,cust_syn_0803,insufficient_funds,PAYMENT,1607.56,MEDIUM,upi,0,61,0,0.0,0,acc_syn_training,0.4375,0.5625,41.96,12,6154.54,439.61,44,32
case_syn_0410,cust_syn_0497,insufficient_funds,PAYMENT,1362.56,MEDIUM,upi,0,4,0,0.4286,2,acc_syn_training,0.6757,0.3243,37.79,24,27969.75,1118.79,27,37
case_syn_0093,cust_syn_0387,card_not_enrolled,PAYMENT,493.35,HIGH,card,0,7,1,0.5714,4,acc_syn_training,0.7143,0.2857,15.99,0,15343.6,767.18,35,28
case_syn_0931,cust_syn_0633,checkout.abandoned,CHECKOUT_SESSION,2429.0,MEDIUM,checkout,0,49,1,0.6667,1,acc_syn_training,0.7692,0.2308,0.58,18,26496.8,2649.68,31,13
case_syn_0090,cust_syn_0098,card_not_enrolled,PAYMENT,946.17,HIGH,card,0,71,1,0.5,2,acc_syn_training,0.9,0.1,26.05,0,13092.3,484.9,11,30
case_syn_0337,cust_syn_0642,currency_not_supported,PAYMENT,4652.06,HIGH,card,0,66,0,0.0,5,acc_syn_training,0.7273,0.2727,18.78,1,43682.4,2730.15,9,22
case_syn_0989,cust_syn_0894,captured,PAYMENT,1111.07,MEDIUM,netbanking,0,67,1,0.5714,0,acc_syn_training,0.6429,0.3571,3.03,24,6314.04,701.56,11,14
case_syn_0922,cust_syn_0871,checkout.abandoned,CHECKOUT_SESSION,124.81,MEDIUM,checkout,0,61,1,0.5714,4,acc_syn_training,0.5294,0.4706,63.88,6,25618.95,2846.55,29,17
case_syn_0934,cust_syn_0071,checkout.abandoned,CHECKOUT_SESSION,1895.83,MEDIUM,card,0,63,0,0.5714,1,acc_syn_training,0.5,0.5,3.73,3,11203.85,2240.77,0,10
case_syn_0606,cust_syn_0367,subscription.pending,SUBSCRIPTION,1855.15,MEDIUM,upi,1,16,1,0.2857,5,acc_syn_training,0.6667,0.3333,63.57,18,36379.98,2021.11,4,27
case_syn_0594,cust_syn_0918,subscription.pending,SUBSCRIPTION,1519.89,MEDIUM,upi,2,41,0,0.0,3,acc_syn_training,0.7333,0.2667,52.54,3,96275.52,4376.16,3,30
case_syn_0612,cust_syn_0020,subscription.pending,SUBSCRIPTION,1696.53,MEDIUM,emandate,2,2,0,0.7143,3,acc_syn_training,0.5882,0.4118,32.95,18,78736.8,3936.84,11,34
case_syn_0095,cust_syn_0226,card_not_enrolled,PAYMENT,2299.15,HIGH,card,0,60,0,0.25,4,acc_syn_training,0.7273,0.2727,3.09,0,67288.32,4205.52,27,22
case_syn_0012,cust_syn_0938,card_not_enrolled,PAYMENT,666.7,HIGH,card,0,2,0,0.3333,5,acc_syn_training,0.7407,0.2593,57.57,0,55903.2,2795.16,1,27
case_syn_0397,cust_syn_0175,insufficient_funds,PAYMENT,1883.63,MEDIUM,card,0,66,0,0.3333,1,acc_syn_training,0.6875,0.3125,64.73,1,44411.18,2018.69,38,32
case_syn_0534,cust_syn_0637,card_expired,PAYMENT,4515.72,MEDIUM,card,0,38,1,0.3333,3,acc_syn_training,0.5714,0.4286,9.5,12,6922.32,576.86,24,21
case_syn_0044,cust_syn_0681,card_not_enrolled,PAYMENT,1478.06,HIGH,card,0,4,0,0.0,1,acc_syn_training,0.7391,0.2609,27.63,0,27326.14,1607.42,28,23
case_syn_0043,cust_syn_0806,card_not_enrolled,PAYMENT,964.76,HIGH,card,0,35,1,0.5,4,acc_syn_training,0.3,0.7,51.08,0,9203.4,3067.8,33,10
case_syn_0330,cust_syn_0870,currency_not_supported,PAYMENT,720.31,HIGH,upi,0,5,1,0.5714,0,acc_syn_training,0.5789,0.4211,38.44,18,98537.78,4478.99,38,38
case_syn_0168,cust_syn_0764,payment_risk_check_failed,PAYMENT,3796.22,CRITICAL,upi,0,60,0,0.4286,2,acc_syn_training,0.5556,0.4444,13.78,0,32303.7,2153.58,33,27
case_syn_0498,cust_syn_0731,card_expired,PAYMENT,4712.86,MEDIUM,card,0,33,0,0.0,4,acc_syn_training,0.6087,0.3913,66.39,12,7330.96,523.64,4,23
case_syn_0877,cust_syn_0317,checkout.abandoned,CHECKOUT_SESSION,1599.84,MEDIUM,upi,0,45,0,0.0,1,acc_syn_training,0.8205,0.1795,23.01,24,38150.72,1192.21,19,39
case_syn_0598,cust_syn_0475,subscription.pending,SUBSCRIPTION,1329.95,MEDIUM,upi,2,26,0,0.3333,5,acc_syn_training,0.6667,0.3333,70.5,12,27290.88,3411.36,23,12
case_syn_0757,cust_syn_0868,invoice.expired,INVOICE,7972.72,HIGH,invoice,1,22,0,0.4,0,acc_syn_training,0.5312,0.4688,24.73,24,51031.11,3001.83,39,32
case_syn_0101,cust_syn_0281,card_not_enrolled,PAYMENT,3027.64,HIGH,card,0,16,1,0.5,5,acc_syn_training,0.5,0.5,13.69,0,21525.48,2391.72,13,18
case_syn_0427,cust_syn_0106,insufficient_funds,PAYMENT,2387.78,MEDIUM,netbanking,0,19,1,0.1429,5,acc_syn_training,0.6316,0.3684,43.92,24,106178.64,4424.11,19,38
case_syn_0179,cust_syn_0607,payment_risk_check_failed,PAYMENT,5249.5,CRITICAL,card,0,43,1,0.5,1,acc_syn_training,0.7368,0.2632,33.61,0,33813.78,2415.27,25,19
case_syn_0445,cust_syn_0456,insufficient_funds,PAYMENT,2573.49,MEDIUM,card,1,66,1,0.2,0,acc_syn_training,0.1944,0.8056,33.75,12,31331.86,4475.98,38,36
case_syn_0417,cust_syn_0231,insufficient_funds,PAYMENT,2342.25,MEDIUM,netbanking,1,27,1,0.0,1,acc_syn_training,0.7692,0.2308,40.76,6,55515.0,2775.75,32,26
case_syn_0871,cust_syn_0880,checkout.abandoned,CHECKOUT_SESSION,860.17,MEDIUM,card,0,66,0,0.6,4,acc_syn_training,0.5385,0.4615,19.47,18,7248.36,1035.48,8,13
case_syn_0883,cust_syn_0630,checkout.abandoned,CHECKOUT_SESSION,760.38,MEDIUM,upi,0,69,1,0.0,2,acc_syn_training,0.8125,0.1875,10.18,6,21985.6,1691.2,21,16
case_syn_0681,cust_syn_0397,subscription.halted,SUBSCRIPTION,1946.77,HIGH,emandate,4,63,0,0.3333,5,acc_syn_training,0.7879,0.2121,14.09,1,28397.98,1092.23,25,33
case_syn_0178,cust_syn_0131,payment_risk_check_failed,PAYMENT,8903.02,CRITICAL,card,0,62,0,1.0,0,acc_syn_training,0.5862,0.4138,46.21,0,6787.25,399.25,19,29
case_syn_0396,cust_syn_0191,insufficient_funds,PAYMENT,273.38,MEDIUM,netbanking,2,24,1,0.5,0,acc_syn_training,0.7333,0.2667,64.87,18,38528.82,3502.62,41,15
case_syn_0912,cust_syn_0647,checkout.abandoned,CHECKOUT_SESSION,1141.1,MEDIUM,card,0,61,0,0.0,5,acc_syn_training,0.6316,0.3684,31.15,1,71014.8,2958.95,6,38
case_syn_0794,cust_syn_0225,invoice.expired,INVOICE,22498.02,HIGH,invoice,1,17,0,0.5,5,acc_syn_training,0.7143,0.2857,47.75,1,52074.75,3471.65,43,21
case_syn_0961,cust_syn_0059,captured,PAYMENT,738.29,MEDIUM,card,1,10,1,0.6667,5,acc_syn_training,0.75,0.25,19.11,3,42809.64,3567.47,10,16
case_syn_0685,cust_syn_0441,subscription.halted,SUBSCRIPTION,2541.1,HIGH,card,4,46,1,0.2,2,acc_syn_training,0.7917,0.2083,57.07,3,54307.32,2858.28,12,24
case_syn_0384,cust_syn_0629,insufficient_funds,PAYMENT,2264.65,MEDIUM,upi,1,40,0,0.0,5,acc_syn_training,0.7742,0.2258,55.43,3,100547.76,4189.49,33,31
case_syn_0957,cust_syn_0628,captured,PAYMENT,693.1,MEDIUM,netbanking,2,40,1,0.0,2,acc_syn_training,0.7143,0.2857,11.23,18,29572.1,2957.21,23,14
case_syn_0752,cust_syn_0691,invoice.expired,INVOICE,20203.79,HIGH,invoice,0,54,1,0.0,0,acc_syn_training,0.8125,0.1875,7.86,6,34470.02,2651.54,12,16
case_syn_0258,cust_syn_0477,payment_timed_out,PAYMENT,1114.73,MEDIUM,upi,2,57,0,0.4286,3,acc_syn_training,0.5676,0.4324,28.26,18,94202.43,4485.83,37,37
case_syn_0539,cust_syn_0697,card_expired,PAYMENT,3169.5,MEDIUM,card,0,1,0,0.6667,4,acc_syn_training,0.6,0.4,43.18,1,58717.68,2796.08,30,35
case_syn_0336,cust_syn_0430,currency_not_supported,PAYMENT,5545.6,HIGH,upi,0,18,0,0.3333,5,acc_syn_training,0.7353,0.2647,12.98,1,85672.5,3426.9,41,34
case_syn_0016,cust_syn_0327,card_not_enrolled,PAYMENT,3671.48,HIGH,card,0,40,0,0.25,0,acc_syn_training,0.4615,0.5385,49.86,0,8007.84,1334.64,35,13
case_syn_0325,cust_syn_0465,card_declined,PAYMENT,1627.21,HIGH,card,0,72,1,0.6667,0,acc_syn_training,0.5,0.5,56.07,6,38512.4,3851.24,13,20
case_syn_0759,cust_syn_0609,invoice.expired,INVOICE,6044.92,HIGH,invoice,2,72,0,0.3333,2,acc_syn_training,0.3333,0.6667,24.41,18,27301.32,3033.48,27,27
case_syn_0223,cust_syn_0829,payment_risk_check_failed,PAYMENT,17333.57,CRITICAL,upi,0,50,0,0.0,0,acc_syn_training,0.4595,0.5405,29.63,0,60801.01,3576.53,21,37
case_syn_0180,cust_syn_0164,payment_risk_check_failed,PAYMENT,12341.0,CRITICAL,upi,0,44,1,1.0,3,acc_syn_training,0.3333,0.6667,13.46,0,18840.9,3140.15,30,18
case_syn_0984,cust_syn_0933,captured,PAYMENT,941.94,MEDIUM,netbanking,1,29,1,0.0,1,acc_syn_training,0.3514,0.6486,6.92,24,13289.12,1022.24,2,37
case_syn_0023,cust_syn_0512,card_not_enrolled,PAYMENT,2517.09,HIGH,card,0,36,0,0.6667,0,acc_syn_training,0.4375,0.5625,61.12,0,13047.58,931.97,0,32
case_syn_0357,cust_syn_0680,insufficient_funds,PAYMENT,2402.81,MEDIUM,card,1,51,0,0.1667,5,acc_syn_training,0.6071,0.3929,0.87,1,41601.72,2447.16,28,28
case_syn_0667,cust_syn_0172,subscription.halted,SUBSCRIPTION,2016.21,HIGH,card,5,27,0,0.7143,3,acc_syn_training,0.7857,0.2143,38.14,1,9393.34,853.94,7,14
case_syn_0862,cust_syn_0335,checkout.abandoned,CHECKOUT_SESSION,1722.08,MEDIUM,checkout,0,18,0,0.0,0,acc_syn_training,0.875,0.125,14.5,1,81513.18,3881.58,27,24
case_syn_0341,cust_syn_0049,currency_not_supported,PAYMENT,4922.62,HIGH,upi,0,43,0,0.3333,2,acc_syn_training,0.5,0.5,70.42,18,75455.35,4438.55,10,34
case_syn_0432,cust_syn_0361,insufficient_funds,PAYMENT,285.41,MEDIUM,netbanking,1,11,1,0.75,2,acc_syn_training,0.7241,0.2759,5.89,18,12306.84,586.04,30,29
case_syn_0552,cust_syn_0814,card_expired,PAYMENT,3744.81,MEDIUM,card,1,38,1,0.0,2,acc_syn_training,0.1481,0.8519,42.0,6,4807.36,1201.84,9,27
case_syn_0834,cust_syn_0520,checkout.abandoned,CHECKOUT_SESSION,778.61,MEDIUM,card,0,57,1,0.8,0,acc_syn_training,0.9412,0.0588,7.17,1,22182.08,1386.38,17,17
case_syn_0204,cust_syn_0962,payment_risk_check_failed,PAYMENT,16144.02,CRITICAL,card,0,33,0,0.5,3,acc_syn_training,0.9,0.1,18.82,0,7839.36,871.04,24,10
case_syn_0631,cust_syn_0690,subscription.pending,SUBSCRIPTION,1472.45,MEDIUM,upi,1,54,0,0.3333,0,acc_syn_training,0.4,0.6,12.37,3,16769.4,1397.45,17,30
case_syn_0094,cust_syn_0653,card_not_enrolled,PAYMENT,3804.34,HIGH,card,0,39,0,0.0,2,acc_syn_training,0.8611,0.1389,65.92,0,29841.22,962.62,3,36
case_syn_0559,cust_syn_0804,card_expired,PAYMENT,621.01,MEDIUM,card,1,68,0,0.25,0,acc_syn_training,0.2,0.8,45.46,1,12602.0,3150.5,36,20
case_syn_0069,cust_syn_0384,card_not_enrolled,PAYMENT,3405.94,HIGH,card,0,2,0,0.1429,3,acc_syn_training,0.6,0.4,17.98,0,31380.45,2092.03,31,25
case_syn_0623,cust_syn_0802,subscription.pending,SUBSCRIPTION,388.91,MEDIUM,upi,1,15,1,0.3333,1,acc_syn_training,0.5714,0.4286,14.04,18,48256.68,4021.39,9,21
case_syn_0285,cust_syn_0378,payment_timed_out,PAYMENT,2034.62,MEDIUM,card,2,21,1,0.3333,2,acc_syn_training,0.9487,0.0513,13.91,3,37783.66,1021.18,21,39
case_syn_0845,cust_syn_0662,checkout.abandoned,CHECKOUT_SESSION,1822.15,MEDIUM,upi,0,59,1,0.1667,5,acc_syn_training,0.6774,0.3226,67.17,24,79711.17,3795.77,37,31
case_syn_0435,cust_syn_0183,insufficient_funds,PAYMENT,2524.22,MEDIUM,card,0,38,0,0.0,0,acc_syn_training,0.6,0.4,19.29,12,11783.46,1963.91,17,10
case_syn_0154,cust_syn_0884,payment_risk_check_failed,PAYMENT,80000.0,CRITICAL,card,0,15,0,0.1429,1,acc_syn_training,0.5714,0.4286,9.69,0,29605.44,3700.68,27,14
case_syn_0076,cust_syn_0348,card_not_enrolled,PAYMENT,739.93,HIGH,card,0,59,1,0.8333,5,acc_syn_training,0.5417,0.4583,55.93,0,17450.42,1342.34,24,24
case_syn_0731,cust_syn_0080,invoice.expired,INVOICE,24558.35,HIGH,invoice,2,4,0,0.8,3,acc_syn_training,0.3784,0.6216,60.99,6,43846.6,3131.9,1,37
case_syn_0447,cust_syn_0349,insufficient_funds,PAYMENT,486.86,MEDIUM,card,0,22,0,0.0,0,acc_syn_training,0.5526,0.4474,17.44,6,21917.07,1043.67,12,38
case_syn_0189,cust_syn_0496,payment_risk_check_failed,PAYMENT,16752.04,CRITICAL,upi,0,39,0,0.3333,3,acc_syn_training,0.7586,0.2414,64.19,0,36776.3,1671.65,32,29
case_syn_0272,cust_syn_0792,payment_timed_out,PAYMENT,1363.14,MEDIUM,netbanking,2,27,1,0.5,5,acc_syn_training,0.6154,0.3846,31.12,6,23634.56,2954.32,43,13
case_syn_0237,cust_syn_0570,payment_timed_out,PAYMENT,2546.23,MEDIUM,card,1,17,0,0.5,3,acc_syn_training,0.6429,0.3571,43.82,0,16549.83,1838.87,35,14
case_syn_0488,cust_syn_0457,card_expired,PAYMENT,674.45,MEDIUM,card,1,18,0,1.0,4,acc_syn_training,0.36,0.64,45.22,24,6617.52,735.28,29,25
case_syn_0118,cust_syn_0636,card_not_enrolled,PAYMENT,2787.78,HIGH,card,0,66,0,0.5,5,acc_syn_training,0.5517,0.4483,38.65,0,32852.64,2053.29,10,29
case_syn_0944,cust_syn_0371,checkout.abandoned,CHECKOUT_SESSION,2447.17,MEDIUM,card,0,1,0,0.3333,2,acc_syn_training,0.5333,0.4667,12.47,6,4939.2,617.4,3,15
case_syn_0513,cust_syn_0885,card_expired,PAYMENT,3571.65,MEDIUM,card,0,65,1,0.3333,3,acc_syn_training,0.8235,0.1765,5.98,1,51208.36,1828.87,34,34
case_syn_0826,cust_syn_0507,checkout.abandoned,CHECKOUT_SESSION,767.5,MEDIUM,checkout,0,1,0,0.5,2,acc_syn_training,0.6154,0.3846,32.08,24,6639.68,829.96,14,13
case_syn_0592,cust_syn_0439,subscription.pending,SUBSCRIPTION,1633.12,MEDIUM,emandate,1,52,0,0.7143,1,acc_syn_training,0.7778,0.2222,47.85,18,58998.38,4214.17,39,18
case_syn_0127,cust_syn_0959,card_not_enrolled,PAYMENT,2259.24,HIGH,card,0,24,1,0.5,5,acc_syn_training,0.625,0.375,2.11,0,7598.6,759.86,0,16
case_syn_0117,cust_syn_0867,card_not_enrolled,PAYMENT,963.82,HIGH,card,0,39,0,1.0,4,acc_syn_training,0.5161,0.4839,25.5,0,61599.52,3849.97,5,31
case_syn_0474,cust_syn_0057,card_expired,PAYMENT,2090.88,MEDIUM,card,0,58,1,0.3333,0,acc_syn_training,0.3889,0.6111,3.44,12,30303.28,4329.04,2,18
case_syn_0694,cust_syn_0793,subscription.halted,SUBSCRIPTION,1077.0,HIGH,card,4,21,0,0.2,5,acc_syn_training,0.8182,0.1818,63.68,3,30404.43,3378.27,4,11
case_syn_0058,cust_syn_0283,card_not_enrolled,PAYMENT,2207.85,HIGH,card,0,70,0,0.5,2,acc_syn_training,0.7727,0.2273,56.22,0,32459.8,1909.4,17,22
case_syn_0864,cust_syn_0359,checkout.abandoned,CHECKOUT_SESSION,123.98,MEDIUM,card,0,54,1,0.3333,4,acc_syn_training,0.8667,0.1333,18.4,3,6680.18,256.93,6,30
case_syn_0913,cust_syn_0920,checkout.abandoned,CHECKOUT_SESSION,1109.61,MEDIUM,checkout,0,0,0,0.3333,4,acc_syn_training,0.625,0.375,47.36,24,33151.4,3315.14,31,16
case_syn_0370,cust_syn_0684,insufficient_funds,PAYMENT,287.22,MEDIUM,upi,2,48,1,0.0,1,acc_syn_training,0.55,0.45,56.05,18,31184.34,2834.94,38,20
case_syn_0269,cust_syn_0040,payment_timed_out,PAYMENT,1505.03,MEDIUM,netbanking,0,22,0,0.5,2,acc_syn_training,0.5909,0.4091,60.37,24,20623.46,1586.42,22,22
case_syn_0047,cust_syn_0610,card_not_enrolled,PAYMENT,1298.74,HIGH,card,0,29,0,0.5,4,acc_syn_training,0.5882,0.4118,56.75,0,41211.2,4121.12,26,17
case_syn_0350,cust_syn_0929,insufficient_funds,PAYMENT,797.71,MEDIUM,upi,2,60,1,0.0,2,acc_syn_training,0.7667,0.2333,68.33,12,39523.89,1718.43,34,30
case_syn_0196,cust_syn_0683,payment_risk_check_failed,PAYMENT,18478.51,CRITICAL,upi,0,21,0,0.3333,5,acc_syn_training,0.5143,0.4857,5.29,0,50167.44,2787.08,1,35
case_syn_1000,cust_syn_0332,captured,PAYMENT,1260.87,MEDIUM,card,2,9,1,0.0,4,acc_syn_training,0.7333,0.2667,14.98,6,23731.73,2157.43,31,15
case_syn_0835,cust_syn_0976,checkout.abandoned,CHECKOUT_SESSION,1972.32,MEDIUM,card,0,16,1,0.0,1,acc_syn_training,0.8571,0.1429,13.51,6,7240.56,301.69,8,28
case_syn_0737,cust_syn_0619,invoice.expired,INVOICE,9931.64,HIGH,invoice,0,60,0,0.25,1,acc_syn_training,0.5385,0.4615,17.82,1,25313.96,3616.28,33,13
case_syn_0264,cust_syn_0798,payment_timed_out,PAYMENT,2494.79,MEDIUM,netbanking,0,21,1,0.6,0,acc_syn_training,0.7222,0.2778,6.97,24,15652.91,1204.07,5,18
case_syn_0444,cust_syn_0754,insufficient_funds,PAYMENT,2610.98,MEDIUM,netbanking,1,7,0,0.5,4,acc_syn_training,0.5,0.5,45.21,12,6911.52,493.68,29,28
case_syn_0676,cust_syn_0251,subscription.halted,SUBSCRIPTION,938.52,HIGH,emandate,3,10,0,0.4,1,acc_syn_training,0.4138,0.5862,4.63,18,28067.16,2338.93,44,29
case_syn_0305,cust_syn_0451,card_declined,PAYMENT,4457.36,HIGH,card,2,10,0,0.3333,1,acc_syn_training,0.5,0.5,59.58,3,4155.66,692.61,10,12
case_syn_0342,cust_syn_0739,currency_not_supported,PAYMENT,1925.38,HIGH,upi,0,55,1,0.3333,0,acc_syn_training,0.6429,0.3571,50.35,24,36235.35,4026.15,6,14
case_syn_0967,cust_syn_0541,captured,PAYMENT,1099.75,MEDIUM,netbanking,0,29,1,0.5,5,acc_syn_training,0.5143,0.4857,6.59,18,21133.26,1174.07,3,35
case_syn_0150,cust_syn_0424,payment_risk_check_failed,PAYMENT,80000.0,CRITICAL,upi,0,32,0,0.6667,3,acc_syn_training,0.697,0.303,15.97,0,76284.33,3316.71,37,33
case_syn_0125,cust_syn_0603,card_not_enrolled,PAYMENT,2640.85,HIGH,card,0,72,1,0.5,4,acc_syn_training,0.5,0.5,56.01,0,20924.94,3487.49,7,12
case_syn_0787,cust_syn_0585,invoice.expired,INVOICE,23709.45,HIGH,invoice,1,31,0,0.5,2,acc_syn_training,0.4286,0.5714,54.04,12,8710.14,1451.69,22,14
case_syn_0051,cust_syn_0677,card_not_enrolled,PAYMENT,3755.66,HIGH,card,0,11,0,0.3333,0,acc_syn_training,0.2,0.8,55.76,0,10950.8,2190.16,44,25
case_syn_0354,cust_syn_0995,insufficient_funds,PAYMENT,905.49,MEDIUM,upi,1,35,0,0.2857,0,acc_syn_training,0.5714,0.4286,50.74,24,8645.52,1080.69,37,14
case_syn_0928,cust_syn_0558,checkout.abandoned,CHECKOUT_SESSION,1780.49,MEDIUM,upi,0,9,1,0.0,2,acc_syn_training,0.8182,0.1818,60.48,6,66392.1,3688.45,35,22
case_syn_0143,cust_syn_0877,card_not_enrolled,PAYMENT,3008.67,HIGH,card,0,64,0,0.3333,3,acc_syn_training,0.5,0.5,48.86,0,24469.56,4078.26,38,12
case_syn_0471,cust_syn_0402,insufficient_funds,PAYMENT,1768.45,MEDIUM,card,1,68,1,0.0,4,acc_syn_training,0.5,0.5,21.56,6,29082.24,2643.84,1,22
case_syn_0400,cust_syn_0100,insufficient_funds,PAYMENT,2857.24,MEDIUM,netbanking,0,35,1,0.6667,1,acc_syn_training,0.64,0.36,35.8,24,37907.52,2369.22,43,25
case_syn_0626,cust_syn_0229,subscription.pending,SUBSCRIPTION,560.76,MEDIUM,upi,2,52,1,0.4286,5,acc_syn_training,0.6667,0.3333,4.62,1,42102.06,3007.29,18,21
case_syn_0321,cust_syn_0528,card_declined,PAYMENT,1119.91,HIGH,card,1,40,1,1.0,3,acc_syn_training,0.6111,0.3889,52.11,24,17015.46,773.43,25,36
case_syn_0020,cust_syn_0608,card_not_enrolled,PAYMENT,797.91,HIGH,card,0,17,1,0.5,2,acc_syn_training,0.619,0.381,31.8,0,45743.36,3518.72,8,21
case_syn_0810,cust_syn_0365,checkout.abandoned,CHECKOUT_SESSION,1093.07,MEDIUM,card,0,52,0,0.6667,1,acc_syn_training,0.5385,0.4615,32.47,1,19268.76,1376.34,28,26
case_syn_0791,cust_syn_0152,invoice.expired,INVOICE,9241.13,HIGH,invoice,0,26,1,0.1667,3,acc_syn_training,0.4074,0.5926,31.9,1,3611.96,328.36,28,27
case_syn_0809,cust_syn_0060,checkout.abandoned,CHECKOUT_SESSION,1495.73,MEDIUM,upi,0,72,1,0.6,1,acc_syn_training,0.4737,0.5263,3.89,1,8004.87,889.43,6,19
case_syn_0408,cust_syn_0001,insufficient_funds,PAYMENT,2526.79,MEDIUM,card,0,26,0,0.3333,2,acc_syn_training,0.4167,0.5833,66.76,6,10820.7,2164.14,35,12
case_syn_0538,cust_syn_0403,card_expired,PAYMENT,1841.02,MEDIUM,card,1,49,1,0.25,5,acc_syn_training,0.75,0.25,8.84,1,93199.14,3451.82,1,36
case_syn_0621,cust_syn_0886,subscription.pending,SUBSCRIPTION,1521.74,MEDIUM,card,1,47,1,1.0,1,acc_syn_training,0.7917,0.2083,53.43,12,71429.17,3759.43,26,24
case_syn_0039,cust_syn_0837,card_not_enrolled,PAYMENT,2398.66,HIGH,card,0,57,0,0.3333,5,acc_syn_training,0.3684,0.6316,10.65,0,7534.87,1076.41,22,19
case_syn_0176,cust_syn_0785,payment_risk_check_failed,PAYMENT,6162.34,CRITICAL,card,0,56,0,0.8333,4,acc_syn_training,0.3438,0.6562,10.1,0,25030.83,2275.53,3,32
case_syn_0246,cust_syn_0377,payment_timed_out,PAYMENT,578.14,MEDIUM,netbanking,2,28,1,0.0,5,acc_syn_training,0.6207,0.3793,42.35,24,80820.18,4490.01,17,29
case_syn_0829,cust_syn_0107,checkout.abandoned,CHECKOUT_SESSION,1336.04,MEDIUM,checkout,0,20,1,0.5,2,acc_syn_training,0.4737,0.5263,49.84,6,44314.92,2461.94,26,38
case_syn_0668,cust_syn_0217,subscription.halted,SUBSCRIPTION,3685.03,HIGH,emandate,5,10,1,0.8333,4,acc_syn_training,0.75,0.25,62.68,3,71978.94,3998.83,22,24
case_syn_0755,cust_syn_0396,invoice.expired,INVOICE,9420.61,HIGH,invoice,2,33,0,0.6667,1,acc_syn_training,0.5484,0.4516,45.9,6,49732.65,2925.45,27,31
case_syn_0859,cust_syn_0069,checkout.abandoned,CHECKOUT_SESSION,2066.21,MEDIUM,checkout,0,47,1,0.3333,2,acc_syn_training,0.3333,0.6667,23.32,12,40221.8,4022.18,15,30
case_syn_0155,cust_syn_0094,payment_risk_check_failed,PAYMENT,80000.0,CRITICAL,card,0,35,0,0.3333,2,acc_syn_training,0.7333,0.2667,62.91,0,48359.08,4396.28,8,15
case_syn_0288,cust_syn_0852,payment_timed_out,PAYMENT,1428.76,MEDIUM,card,2,8,1,0.0,2,acc_syn_training,0.4615,0.5385,21.3,24,49213.62,2734.09,13,39
case_syn_0603,cust_syn_0942,subscription.pending,SUBSCRIPTION,1668.13,MEDIUM,upi,1,20,0,0.3333,1,acc_syn_training,0.6429,0.3571,18.08,24,11424.96,1269.44,8,14
case_syn_0570,cust_syn_0611,subscription.pending,SUBSCRIPTION,607.97,MEDIUM,emandate,1,58,0,0.5,0,acc_syn_training,0.8,0.2,2.5,6,32906.0,4113.25,13,10
case_syn_0744,cust_syn_0997,invoice.expired,INVOICE,8426.31,HIGH,invoice,2,51,0,1.0,4,acc_syn_training,0.697,0.303,38.08,12,6680.81,290.47,0,33
case_syn_0018,cust_syn_0626,card_not_enrolled,PAYMENT,3323.17,HIGH,card,0,29,0,0.0,0,acc_syn_training,0.2,0.8,67.19,0,3949.05,1316.35,18,15
case_syn_0128,cust_syn_0419,card_not_enrolled,PAYMENT,312.76,HIGH,card,0,19,0,0.0,2,acc_syn_training,0.5714,0.4286,3.36,0,13730.96,1716.37,3,14
case_syn_0323,cust_syn_0061,card_declined,PAYMENT,1026.72,HIGH,card,2,8,1,0.0,0,acc_syn_training,0.5,0.5,61.52,3,19300.5,3860.1,23,10
case_syn_0256,cust_syn_0012,payment_timed_out,PAYMENT,1313.24,MEDIUM,upi,1,22,0,0.5,0,acc_syn_training,0.75,0.25,59.58,3,3076.65,341.85,40,12
case_syn_0658,cust_syn_0527,subscription.halted,SUBSCRIPTION,737.05,HIGH,emandate,4,7,0,1.0,2,acc_syn_training,0.6364,0.3636,67.86,1,8375.08,1196.44,36,11
case_syn_0965,cust_syn_0665,captured,PAYMENT,1317.3,MEDIUM,netbanking,0,17,1,0.0,1,acc_syn_training,0.625,0.375,23.49,12,34975.8,3497.58,20,16
case_syn_0191,cust_syn_0715,payment_risk_check_failed,PAYMENT,19349.97,CRITICAL,upi,0,38,0,0.8333,2,acc_syn_training,0.8696,0.1304,15.96,0,62422.6,3121.13,3,23
case_syn_0116,cust_syn_0481,card_not_enrolled,PAYMENT,1091.34,HIGH,card,0,47,1,0.0,5,acc_syn_training,0.5526,0.4474,27.28,0,59422.23,2829.63,19,38
case_syn_0617,cust_syn_0436,subscription.pending,SUBSCRIPTION,1923.46,MEDIUM,card,1,7,1,0.0,5,acc_syn_training,0.8,0.2,68.75,3,13107.12,1092.26,36,15
case_syn_0607,cust_syn_0968,subscription.pending,SUBSCRIPTION,1411.06,MEDIUM,upi,1,65,0,0.0,0,acc_syn_training,0.2083,0.7917,20.4,6,4993.15,998.63,6,24
case_syn_0181,cust_syn_0878,payment_risk_check_failed,PAYMENT,11871.5,CRITICAL,card,0,5,0,0.0,1,acc_syn_training,0.9167,0.0833,56.34,0,48325.86,4393.26,41,12
case_syn_0302,cust_syn_0151,card_declined,PAYMENT,1902.64,HIGH,card,0,31,0,0.3333,3,acc_syn_training,0.7333,0.2667,52.32,18,24460.92,1111.86,8,30
case_syn_0760,cust_syn_0576,invoice.expired,INVOICE,16861.55,HIGH,invoice,1,44,1,0.4286,1,acc_syn_training,0.5946,0.4054,28.71,3,17319.5,787.25,17,37
case_syn_0713,cust_syn_0822,subscription.halted,SUBSCRIPTION,2480.72,HIGH,card,5,15,0,0.5,2,acc_syn_training,0.8421,0.1579,35.23,12,45927.2,2870.45,5,19
case_syn_0724,cust_syn_0893,subscription.halted,SUBSCRIPTION,3744.91,HIGH,emandate,3,36,0,0.75,3,acc_syn_training,0.4737,0.5263,61.98,24,30119.94,1673.33,29,38
case_syn_0686,cust_syn_0562,subscription.halted,SUBSCRIPTION,3759.89,HIGH,emandate,5,56,0,0.2857,5,acc_syn_training,0.4286,0.5714,48.09,24,19483.2,2164.8,5,21
case_syn_0980,cust_syn_0043,captured,PAYMENT,1330.5,MEDIUM,card,2,47,1,0.0,0,acc_syn_training,0.65,0.35,32.55,12,57965.31,4458.87,37,20
case_syn_0518,cust_syn_0112,card_expired,PAYMENT,2613.01,MEDIUM,card,0,18,1,0.4286,2,acc_syn_training,0.8824,0.1176,35.03,18,97366.8,3245.56,20,34
case_syn_0985,cust_syn_0583,captured,PAYMENT,405.3,MEDIUM,card,1,47,1,0.0,5,acc_syn_training,0.5833,0.4167,55.51,6,22505.14,1607.51,42,24
case_syn_0046,cust_syn_0488,card_not_enrolled,PAYMENT,1326.44,HIGH,card,0,60,0,0.0,0,acc_syn_training,0.4872,0.5128,51.94,0,63538.85,3344.15,11,39
case_syn_0910,cust_syn_0433,checkout.abandoned,CHECKOUT_SESSION,932.54,MEDIUM,upi,0,43,1,0.0,1,acc_syn_training,0.875,0.125,47.92,6,95760.28,3420.01,39,32
case_syn_0158,cust_syn_0955,payment_risk_check_failed,PAYMENT,5630.45,CRITICAL,upi,0,28,0,0.75,0,acc_syn_training,0.6957,0.3043,33.01,0,24734.72,1545.92,8,23
case_syn_0852,cust_syn_0372,checkout.abandoned,CHECKOUT_SESSION,2196.42,MEDIUM,card,0,6,0,0.3333,1,acc_syn_training,0.55,0.45,32.45,6,9697.93,881.63,24,20
case_syn_0172,cust_syn_0228,payment_risk_check_failed,PAYMENT,10929.02,CRITICAL,upi,0,12,0,0.3333,4,acc_syn_training,0.6842,0.3158,71.05,0,36968.49,2843.73,3,19
case_syn_0017,cust_syn_0505,card_not_enrolled,PAYMENT,3251.35,HIGH,card,0,67,1,0.3333,4,acc_syn_training,0.8182,0.1818,69.3,0,9696.6,1077.4,5,11
case_syn_0512,cust_syn_0991,card_expired,PAYMENT,1805.05,MEDIUM,card,1,67,1,0.2,4,acc_syn_training,0.5641,0.4359,67.72,24,37249.96,1693.18,29,39
case_syn_0049,cust_syn_0174,card_not_enrolled,PAYMENT,3589.28,HIGH,card,0,19,0,0.5,4,acc_syn_training,0.8235,0.1765,7.95,0,12799.36,914.24,44,17
case_syn_0972,cust_syn_0716,captured,PAYMENT,348.99,MEDIUM,card,2,51,1,0.5,5,acc_syn_training,0.3158,0.6842,8.9,18,10695.72,1782.62,9,19
case_syn_0941,cust_syn_0542,checkout.abandoned,CHECKOUT_SESSION,1505.79,MEDIUM,card,0,62,0,0.3333,2,acc_syn_training,0.6316,0.3684,16.69,12,20857.2,1738.1,22,19
case_syn_0516,cust_syn_0863,card_expired,PAYMENT,1732.25,MEDIUM,card,0,20,0,0.5,2,acc_syn_training,0.6154,0.3846,67.51,6,18130.0,2266.25,12,13
case_syn_0953,cust_syn_0928,captured,PAYMENT,1016.15,MEDIUM,card,0,46,1,0.6,0,acc_syn_training,0.4,0.6,42.7,3,6482.88,540.24,33,30
case_syn_0481,cust_syn_0516,card_expired,PAYMENT,3880.94,MEDIUM,card,1,32,1,0.0,0,acc_syn_training,0.8,0.2,3.04,24,46135.08,3844.59,25,15
case_syn_0284,cust_syn_0745,payment_timed_out,PAYMENT,435.14,MEDIUM,upi,0,22,1,0.25,1,acc_syn_training,0.6667,0.3333,25.37,1,29856.36,2488.03,9,18
case_syn_0719,cust_syn_0582,subscription.halted,SUBSCRIPTION,2545.68,HIGH,card,3,39,0,0.5,4,acc_syn_training,0.4286,0.5714,39.78,1,21636.12,3606.02,5,14
case_syn_0878,cust_syn_0905,checkout.abandoned,CHECKOUT_SESSION,1498.99,MEDIUM,upi,0,16,1,0.5,0,acc_syn_training,0.75,0.25,11.43,3,10062.15,479.15,43,28
case_syn_0226,cust_syn_0565,payment_risk_check_failed,PAYMENT,10870.82,CRITICAL,card,0,21,0,0.5,3,acc_syn_training,0.6923,0.3077,39.49,0,9252.09,342.67,7,39
case_syn_0027,cust_syn_0204,card_not_enrolled,PAYMENT,680.22,HIGH,card,0,47,0,0.5,3,acc_syn_training,0.3714,0.6286,55.39,0,25481.04,1960.08,40,35
case_syn_0955,cust_syn_0827,captured,PAYMENT,854.82,MEDIUM,card,1,64,1,0.6667,0,acc_syn_training,0.3913,0.6087,71.53,1,7170.57,796.73,10,23
case_syn_0438,cust_syn_0812,insufficient_funds,PAYMENT,1402.88,MEDIUM,card,0,55,0,0.25,5,acc_syn_training,0.3611,0.6389,42.19,18,26676.78,2052.06,44,36
case_syn_0952,cust_syn_0767,captured,PAYMENT,1037.79,MEDIUM,upi,0,39,1,0.1667,3,acc_syn_training,0.4643,0.5357,67.7,1,17101.24,1315.48,31,28
case_syn_0365,cust_syn_0602,insufficient_funds,PAYMENT,2673.88,MEDIUM,card,2,8,1,0.5,4,acc_syn_training,0.75,0.25,50.89,24,44291.34,1640.42,31,36
case_syn_0230,cust_syn_0249,payment_risk_check_failed,PAYMENT,14705.3,CRITICAL,upi,0,71,0,0.2,0,acc_syn_training,0.8182,0.1818,4.57,0,14939.37,1659.93,35,11
case_syn_0038,cust_syn_0240,card_not_enrolled,PAYMENT,3749.04,HIGH,card,0,17,1,0.5,1,acc_syn_training,0.5,0.5,54.09,0,17211.04,2151.38,43,16
case_syn_0966,cust_syn_0176,captured,PAYMENT,929.35,MEDIUM,card,1,61,1,0.0,5,acc_syn_training,0.5882,0.4118,10.26,1,39741.4,3974.14,14,17
case_syn_0375,cust_syn_0448,insufficient_funds,PAYMENT,1058.91,MEDIUM,upi,2,22,1,0.2,2,acc_syn_training,0.7778,0.2222,54.44,1,75789.28,2706.76,16,36
case_syn_0470,cust_syn_0485,insufficient_funds,PAYMENT,1771.94,MEDIUM,upi,0,41,1,0.5,4,acc_syn_training,0.7778,0.2222,23.83,3,42184.66,3013.19,33,18
case_syn_0968,cust_syn_0157,captured,PAYMENT,1331.56,MEDIUM,upi,2,60,1,0.6667,4,acc_syn_training,0.6207,0.3793,24.79,12,11262.78,625.71,13,29
case_syn_0851,cust_syn_0200,checkout.abandoned,CHECKOUT_SESSION,466.13,MEDIUM,card,0,47,0,0.5,0,acc_syn_training,0.7857,0.2143,56.37,6,30127.02,2738.82,16,14
case_syn_0705,cust_syn_0333,subscription.halted,SUBSCRIPTION,2194.46,HIGH,emandate,5,54,0,0.5,0,acc_syn_training,0.8235,0.1765,24.41,1,14312.9,1022.35,22,17
case_syn_0842,cust_syn_0004,checkout.abandoned,CHECKOUT_SESSION,1416.1,MEDIUM,upi,0,37,0,0.5,4,acc_syn_training,0.8333,0.1667,14.79,18,21098.75,843.95,0,30
case_syn_0195,cust_syn_0118,payment_risk_check_failed,PAYMENT,13443.28,CRITICAL,card,0,14,0,0.6,4,acc_syn_training,0.8182,0.1818,61.72,0,26651.07,2961.23,28,11
case_syn_0855,cust_syn_0383,checkout.abandoned,CHECKOUT_SESSION,729.12,MEDIUM,upi,0,17,0,0.0,0,acc_syn_training,0.9091,0.0909,20.43,6,58570.0,2928.5,36,22
case_syn_0865,cust_syn_0097,checkout.abandoned,CHECKOUT_SESSION,1590.4,MEDIUM,upi,0,68,0,1.0,3,acc_syn_training,0.5,0.5,14.48,3,5822.55,1164.51,13,10
case_syn_0504,cust_syn_0733,card_expired,PAYMENT,771.37,MEDIUM,card,1,33,0,0.5,0,acc_syn_training,0.75,0.25,67.28,18,40263.51,1917.31,5,28
case_syn_0970,cust_syn_0434,captured,PAYMENT,1855.16,MEDIUM,card,1,5,1,0.5,2,acc_syn_training,0.5882,0.4118,45.26,1,7290.4,729.04,39,17
case_syn_0831,cust_syn_0517,checkout.abandoned,CHECKOUT_SESSION,2163.31,MEDIUM,card,0,17,1,0.4,5,acc_syn_training,0.4545,0.5455,16.93,6,4322.45,864.49,5,11
case_syn_0580,cust_syn_0652,subscription.pending,SUBSCRIPTION,1761.86,MEDIUM,upi,1,1,0,0.5,4,acc_syn_training,0.5833,0.4167,70.2,24,6419.7,917.1,32,12
case_syn_0969,cust_syn_0782,captured,PAYMENT,333.5,MEDIUM,netbanking,0,29,1,0.25,2,acc_syn_training,0.8462,0.1538,30.02,12,58258.64,2648.12,4,26
case_syn_0163,cust_syn_0264,payment_risk_check_failed,PAYMENT,16862.92,CRITICAL,upi,0,29,0,0.0,1,acc_syn_training,0.3056,0.6944,55.83,0,30315.01,2755.91,17,36
case_syn_0909,cust_syn_0703,checkout.abandoned,CHECKOUT_SESSION,676.42,MEDIUM,checkout,0,66,1,0.0,4,acc_syn_training,0.3226,0.6774,29.83,24,39369.9,3936.99,29,31
case_syn_0153,cust_syn_0831,payment_risk_check_failed,PAYMENT,80000.0,CRITICAL,upi,0,7,0,0.4,4,acc_syn_training,0.6111,0.3889,37.57,0,70006.64,3182.12,18,36
case_syn_0802,cust_syn_0925,checkout.abandoned,CHECKOUT_SESSION,1016.14,MEDIUM,card,0,22,1,0.75,4,acc_syn_training,0.8667,0.1333,13.44,3,41509.13,3193.01,22,15
case_syn_0994,cust_syn_0971,captured,PAYMENT,203.22,MEDIUM,card,2,15,1,0.0,2,acc_syn_training,0.6957,0.3043,65.86,12,48577.28,3036.08,38,23
case_syn_0756,cust_syn_0134,invoice.expired,INVOICE,13045.28,HIGH,invoice,2,33,1,0.6667,4,acc_syn_training,0.7037,0.2963,52.11,12,82320.54,4332.66,41,27
case_syn_0112,cust_syn_0310,card_not_enrolled,PAYMENT,1826.24,HIGH,card,0,40,0,0.0,4,acc_syn_training,0.2273,0.7727,38.5,0,20586.15,4117.23,26,22
case_syn_0227,cust_syn_0675,payment_risk_check_failed,PAYMENT,13578.95,CRITICAL,upi,0,50,0,0.5,4,acc_syn_training,0.5676,0.4324,45.4,0,67217.01,3200.81,32,37
case_syn_0689,cust_syn_0556,subscription.halted,SUBSCRIPTION,1795.06,HIGH,emandate,5,48,0,0.3333,0,acc_syn_training,0.4375,0.5625,9.44,6,14523.81,2074.83,17,16
case_syn_0104,cust_syn_0117,card_not_enrolled,PAYMENT,2626.55,HIGH,card,0,20,1,0.3333,1,acc_syn_training,0.7037,0.2963,46.09,0,52631.33,2770.07,27,27
case_syn_0422,cust_syn_0279,insufficient_funds,PAYMENT,2591.45,MEDIUM,upi,1,44,1,0.0,3,acc_syn_training,0.6757,0.3243,11.54,12,30506.5,1220.26,10,37
case_syn_0420,cust_syn_0882,insufficient_funds,PAYMENT,1923.22,MEDIUM,upi,1,56,1,1.0,1,acc_syn_training,0.3158,0.6842,5.22,24,47094.48,3924.54,17,38
case_syn_0751,cust_syn_0850,invoice.expired,INVOICE,23926.31,HIGH,invoice,2,57,0,0.3333,5,acc_syn_training,0.8529,0.1471,35.16,6,98965.69,3412.61,20,34
case_syn_0587,cust_syn_0763,subscription.pending,SUBSCRIPTION,806.55,MEDIUM,card,1,33,1,0.2857,2,acc_syn_training,0.6667,0.3333,29.53,3,45182.48,3227.32,24,21
case_syn_0781,cust_syn_0385,invoice.expired,INVOICE,9615.35,HIGH,invoice,1,63,0,0.5,2,acc_syn_training,0.7647,0.2353,61.98,1,36547.16,2811.32,5,17
case_syn_0673,cust_syn_0074,subscription.halted,SUBSCRIPTION,3379.66,HIGH,card,4,58,0,0.0,2,acc_syn_training,0.7778,0.2222,7.68,18,85228.92,4058.52,11,27
case_syn_0120,cust_syn_0425,card_not_enrolled,PAYMENT,3968.61,HIGH,card,0,22,1,0.0,3,acc_syn_training,0.6875,0.3125,28.22,0,46235.97,4203.27,37,16
case_syn_0054,cust_syn_0966,card_not_enrolled,PAYMENT,2508.45,HIGH,card,0,5,0,0.75,2,acc_syn_training,0.6667,0.3333,50.38,0,49437.4,2471.87,23,30
case_syn_0152,cust_syn_0445,payment_risk_check_failed,PAYMENT,80000.0,CRITICAL,upi,0,72,0,0.3333,2,acc_syn_training,0.8824,0.1176,57.48,0,39622.35,2641.49,28,17
case_syn_0404,cust_syn_0589,insufficient_funds,PAYMENT,967.05,MEDIUM,upi,0,24,0,0.4286,2,acc_syn_training,0.8889,0.1111,28.19,18,42054.48,1752.27,20,27
case_syn_0946,cust_syn_0987,captured,PAYMENT,560.09,MEDIUM,card,1,1,1,1.0,1,acc_syn_training,0.7143,0.2857,50.71,3,11243.9,1124.39,21,14
case_syn_0208,cust_syn_0054,payment_risk_check_failed,PAYMENT,17642.71,CRITICAL,card,0,51,0,0.0,5,acc_syn_training,0.619,0.381,30.56,0,22216.87,1708.99,43,21
case_syn_0659,cust_syn_0650,subscription.halted,SUBSCRIPTION,1497.14,HIGH,emandate,3,68,0,0.0,2,acc_syn_training,0.9189,0.0811,5.73,24,30851.94,907.41,17,37
case_syn_0844,cust_syn_0702,checkout.abandoned,CHECKOUT_SESSION,379.09,MEDIUM,upi,0,42,0,0.3333,5,acc_syn_training,0.7647,0.2353,58.67,24,25726.87,1978.99,19,17
case_syn_0763,cust_syn_0070,invoice.expired,INVOICE,23808.58,HIGH,invoice,2,47,1,0.5,0,acc_syn_training,0.6071,0.3929,49.45,3,16017.4,942.2,15,28
case_syn_0009,cust_syn_0666,card_not_enrolled,PAYMENT,1255.07,HIGH,card,0,11,0,0.0,3,acc_syn_training,0.8182,0.1818,14.65,0,79018.38,4389.91,3,22
case_syn_0808,cust_syn_0048,checkout.abandoned,CHECKOUT_SESSION,2378.48,MEDIUM,upi,0,66,1,0.5714,3,acc_syn_training,0.4839,0.5161,8.66,18,59008.65,3933.91,32,31
case_syn_0037,cust_syn_0090,card_not_enrolled,PAYMENT,2584.59,HIGH,card,0,72,0,0.0,2,acc_syn_training,0.5806,0.4194,30.29,0,67324.14,3740.23,14,31
case_syn_0453,cust_syn_0170,insufficient_funds,PAYMENT,2632.57,MEDIUM,upi,0,66,1,0.8,3,acc_syn_training,0.303,0.697,3.54,18,20102.5,2010.25,20,33
case_syn_0652,cust_syn_0189,subscription.pending,SUBSCRIPTION,592.44,MEDIUM,upi,1,68,1,0.6,0,acc_syn_training,0.75,0.25,40.2,6,15830.1,1055.34,27,20
case_syn_0254,cust_syn_0940,payment_timed_out,PAYMENT,1957.63,MEDIUM,card,2,40,0,0.5,3,acc_syn_training,0.5588,0.4412,70.8,24,58656.99,3087.21,19,34
case_syn_0304,cust_syn_0148,card_declined,PAYMENT,3150.6,HIGH,card,2,70,0,0.4286,1,acc_syn_training,0.8378,0.1622,40.6,3,79854.45,2575.95,22,37
case_syn_0747,cust_syn_0177,invoice.expired,INVOICE,18876.14,HIGH,invoice,0,52,0,0.5,2,acc_syn_training,0.8158,0.1842,25.19,1,90351.05,2914.55,31,38
case_syn_0572,cust_syn_0155,subscription.pending,SUBSCRIPTION,579.71,MEDIUM,upi,2,59,0,0.25,4,acc_syn_training,0.5333,0.4667,61.2,12,4550.56,568.82,23,15
case_syn_0624,cust_syn_0909,subscription.pending,SUBSCRIPTION,1210.88,MEDIUM,emandate,1,1,1,0.5714,0,acc_syn_training,0.625,0.375,52.24,18,54231.0,3615.4,41,24
case_syn_0733,cust_syn_0856,invoice.expired,INVOICE,13544.79,HIGH,invoice,0,72,0,1.0,0,acc_syn_training,0.5135,0.4865,45.6,3,26790.38,1410.02,30,37
case_syn_0892,cust_syn_0063,checkout.abandoned,CHECKOUT_SESSION,369.73,MEDIUM,checkout,0,31,1,0.5,4,acc_syn_training,0.6923,0.3077,53.31,18,29988.27,3332.03,37,13
case_syn_0263,cust_syn_0605,payment_timed_out,PAYMENT,2882.23,MEDIUM,card,2,5,0,0.0,4,acc_syn_training,0.5294,0.4706,32.8,12,40382.19,4486.91,23,17
case_syn_0611,cust_syn_0447,subscription.pending,SUBSCRIPTION,387.93,MEDIUM,upi,1,44,1,1.0,4,acc_syn_training,0.5526,0.4474,18.89,24,23986.62,1142.22,26,38
case_syn_0298,cust_syn_0088,card_declined,PAYMENT,2087.18,HIGH,card,2,40,0,0.5714,1,acc_syn_training,0.359,0.641,63.77,24,19602.66,1400.19,29,39
case_syn_0415,cust_syn_0598,insufficient_funds,PAYMENT,232.91,MEDIUM,netbanking,2,39,1,0.2857,0,acc_syn_training,0.9,0.1,31.92,18,25887.96,2876.44,16,10
case_syn_0151,cust_syn_0284,payment_risk_check_failed,PAYMENT,80000.0,CRITICAL,card,0,31,0,0.5,1,acc_syn_training,0.6111,0.3889,21.01,0,23241.24,2112.84,5,18
case_syn_0789,cust_syn_0595,invoice.expired,INVOICE,6566.98,HIGH,invoice,2,2,1,0.3333,4,acc_syn_training,0.5172,0.4828,21.83,6,60118.35,4007.89,28,29
case_syn_0641,cust_syn_0108,subscription.pending,SUBSCRIPTION,1124.08,MEDIUM,emandate,2,21,1,0.5,3,acc_syn_training,0.7857,0.2143,7.42,3,18838.6,1712.6,42,14
case_syn_0890,cust_syn_0062,checkout.abandoned,CHECKOUT_SESSION,1568.46,MEDIUM,card,0,21,1,0.0,3,acc_syn_training,0.7857,0.2143,23.27,24,81530.46,3705.93,35,28
case_syn_0551,cust_syn_0051,card_expired,PAYMENT,4562.3,MEDIUM,card,0,44,0,0.3333,4,acc_syn_training,0.4483,0.5517,2.62,1,31683.21,2437.17,34,29
case_syn_0887,cust_syn_0757,checkout.abandoned,CHECKOUT_SESSION,1407.97,MEDIUM,checkout,0,71,0,0.4,1,acc_syn_training,0.6875,0.3125,49.86,18,54990.1,2499.55,44,32
case_syn_0489,cust_syn_0368,card_expired,PAYMENT,1778.48,MEDIUM,card,1,1,0,0.6667,4,acc_syn_training,0.8462,0.1538,63.06,3,18661.06,1696.46,12,13
case_syn_0148,cust_syn_0795,payment_risk_check_failed,PAYMENT,80000.0,CRITICAL,card,0,49,0,1.0,3,acc_syn_training,0.52,0.48,58.36,0,56138.29,4318.33,24,25
case_syn_0147,cust_syn_0667,payment_risk_check_failed,PAYMENT,80000.0,CRITICAL,card,0,46,0,0.7143,2,acc_syn_training,0.5263,0.4737,36.47,0,23906.3,2390.63,30,19
case_syn_0721,cust_syn_0167,subscription.halted,SUBSCRIPTION,812.86,HIGH,emandate,5,5,0,0.5,0,acc_syn_training,0.6176,0.3824,20.47,18,29696.1,1414.1,12,34
case_syn_0932,cust_syn_0981,checkout.abandoned,CHECKOUT_SESSION,1998.97,MEDIUM,upi,0,38,0,0.4,0,acc_syn_training,0.5278,0.4722,1.8,24,45442.68,2391.72,36,36
case_syn_0740,cust_syn_0081,invoice.expired,INVOICE,2041.03,HIGH,invoice,2,1,1,0.3333,2,acc_syn_training,0.5897,0.4103,40.67,3,77939.41,3388.67,6,39
case_syn_0660,cust_syn_0864,subscription.halted,SUBSCRIPTION,598.09,HIGH,card,3,46,0,0.0,3,acc_syn_training,0.6579,0.3421,68.26,3,109354.25,4374.17,24,38
case_syn_0349,cust_syn_0123,insufficient_funds,PAYMENT,324.21,MEDIUM,upi,2,54,1,0.0,5,acc_syn_training,0.9,0.1,44.37,6,70838.64,3935.48,19,20
case_syn_0464,cust_syn_0654,insufficient_funds,PAYMENT,814.11,MEDIUM,card,2,36,1,0.3333,5,acc_syn_training,0.9,0.1,28.61,3,58416.66,3245.37,9,20
case_syn_0326,cust_syn_0694,card_declined,PAYMENT,4121.28,HIGH,card,0,32,0,0.4286,1,acc_syn_training,0.5833,0.4167,56.88,1,4906.72,350.48,40,24
case_syn_0187,cust_syn_0493,payment_risk_check_failed,PAYMENT,13699.21,CRITICAL,card,0,7,0,0.6,4,acc_syn_training,0.5526,0.4474,15.14,0,39043.41,1859.21,20,38
case_syn_0124,cust_syn_0461,card_not_enrolled,PAYMENT,910.48,HIGH,card,0,48,1,0.75,2,acc_syn_training,0.6071,0.3929,64.08,0,45245.16,2661.48,31,28
case_syn_0854,cust_syn_0033,checkout.abandoned,CHECKOUT_SESSION,297.48,MEDIUM,checkout,0,60,0,0.5,1,acc_syn_training,0.6667,0.3333,65.61,18,71025.2,3551.26,13,30
case_syn_0609,cust_syn_0580,subscription.pending,SUBSCRIPTION,1882.65,MEDIUM,upi,1,6,1,0.5714,4,acc_syn_training,0.3636,0.6364,55.56,3,9144.08,2286.02,40,11
case_syn_0144,cust_syn_0639,card_not_enrolled,PAYMENT,1087.21,HIGH,card,0,29,1,0.0,3,acc_syn_training,0.85,0.15,43.56,0,64932.35,3819.55,25,20
case_syn_0959,cust_syn_0362,captured,PAYMENT,580.66,MEDIUM,netbanking,0,65,1,0.5,5,acc_syn_training,0.5667,0.4333,36.02,18,21261.39,1250.67,32,30
case_syn_0198,cust_syn_0957,payment_risk_check_failed,PAYMENT,12609.24,CRITICAL,upi,0,51,0,0.2857,5,acc_syn_training,0.8261,0.1739,37.66,0,69410.04,3653.16,32,23
case_syn_0610,cust_syn_0593,subscription.pending,SUBSCRIPTION,879.51,MEDIUM,emandate,2,49,0,0.6667,4,acc_syn_training,0.6364,0.3636,55.65,6,8598.8,1228.4,32,11
case_syn_0280,cust_syn_0147,payment_timed_out,PAYMENT,775.31,MEDIUM,upi,1,55,1,0.3333,3,acc_syn_training,0.3333,0.6667,61.99,1,19910.32,2488.79,18,24
case_syn_0294,cust_syn_0789,card_declined,PAYMENT,3015.28,HIGH,card,2,61,0,0.5,2,acc_syn_training,0.5,0.5,70.52,1,4589.15,917.83,12,10
case_syn_0401,cust_syn_0747,insufficient_funds,PAYMENT,2085.71,MEDIUM,upi,0,20,0,0.0,5,acc_syn_training,0.6875,0.3125,39.63,1,19807.59,1800.69,40,16
case_syn_0123,cust_syn_0016,card_not_enrolled,PAYMENT,2019.14,HIGH,card,0,49,1,0.5714,2,acc_syn_training,0.2941,0.7059,69.99,0,17769.85,3553.97,22,17
case_syn_0184,cust_syn_0453,payment_risk_check_failed,PAYMENT,6299.62,CRITICAL,card,0,4,0,0.5,4,acc_syn_training,0.5714,0.4286,46.28,0,14945.6,1868.2,38,14
case_syn_0203,cust_syn_0089,payment_risk_check_failed,PAYMENT,16096.44,CRITICAL,card,0,16,0,0.0,3,acc_syn_training,0.4783,0.5217,7.31,0,49472.94,4497.54,30,23
case_syn_0439,cust_syn_0946,insufficient_funds,PAYMENT,1231.97,MEDIUM,card,2,34,1,0.5714,3,acc_syn_training,0.8,0.2,58.04,12,10353.96,862.83,2,15
case_syn_0247,cust_syn_0649,payment_timed_out,PAYMENT,1668.6,MEDIUM,netbanking,2,70,1,0.5,5,acc_syn_training,0.625,0.375,8.38,24,28334.0,2833.4,44,16
case_syn_0416,cust_syn_0266,insufficient_funds,PAYMENT,1194.29,MEDIUM,netbanking,1,41,1,0.5,2,acc_syn_training,0.5185,0.4815,12.17,12,54382.3,3884.45,22,27
case_syn_0933,cust_syn_0932,checkout.abandoned,CHECKOUT_SESSION,2497.94,MEDIUM,card,0,34,1,0.5,1,acc_syn_training,0.9,0.1,46.53,24,89869.77,3328.51,10,30
case_syn_0766,cust_syn_0127,invoice.expired,INVOICE,2395.1,HIGH,invoice,0,6,0,0.2857,1,acc_syn_training,0.8108,0.1892,55.97,12,62645.7,2088.19,27,37
case_syn_0907,cust_syn_0291,checkout.abandoned,CHECKOUT_SESSION,2310.05,MEDIUM,upi,0,4,1,0.0,3,acc_syn_training,0.6667,0.3333,27.77,6,51566.64,4297.22,30,18
case_syn_0836,cust_syn_0221,checkout.abandoned,CHECKOUT_SESSION,2374.85,MEDIUM,upi,0,21,0,0.75,1,acc_syn_training,0.75,0.25,24.01,1,6802.65,755.85,25,12
case_syn_0888,cust_syn_0250,checkout.abandoned,CHECKOUT_SESSION,2264.83,MEDIUM,card,0,42,0,0.0,1,acc_syn_training,0.8108,0.1892,43.7,12,17271.3,575.71,44,37
case_syn_0130,cust_syn_0984,card_not_enrolled,PAYMENT,3138.12,HIGH,card,0,19,0,0.1667,2,acc_syn_training,0.8286,0.1714,49.76,0,80812.85,2786.65,29,35
case_syn_0638,cust_syn_0411,subscription.pending,SUBSCRIPTION,1602.89,MEDIUM,upi,2,58,0,0.0,2,acc_syn_training,0.5714,0.4286,32.58,1,49460.28,4121.69,10,21
case_syn_0403,cust_syn_0939,insufficient_funds,PAYMENT,2489.56,MEDIUM,netbanking,2,26,0,1.0,4,acc_syn_training,0.4333,0.5667,44.68,3,18637.45,1433.65,40,30
case_syn_0785,cust_syn_0017,invoice.expired,INVOICE,20666.39,HIGH,invoice,0,58,1,0.0,4,acc_syn_training,0.6522,0.3478,51.65,18,16485.75,1099.05,3,23
case_syn_0771,cust_syn_0006,invoice.expired,INVOICE,18974.6,HIGH,invoice,0,43,0,0.5,5,acc_syn_training,0.5862,0.4138,20.62,3,8462.43,497.79,13,29
case_syn_0736,cust_syn_0255,invoice.expired,INVOICE,21600.25,HIGH,invoice,0,27,1,0.6,0,acc_syn_training,0.7778,0.2222,12.24,1,34339.06,2452.79,0,18
case_syn_0914,cust_syn_0209,checkout.abandoned,CHECKOUT_SESSION,677.51,MEDIUM,card,0,20,0,0.3333,4,acc_syn_training,0.5556,0.4444,32.88,3,37091.4,3709.14,40,18
case_syn_0220,cust_syn_0698,payment_risk_check_failed,PAYMENT,9004.55,CRITICAL,card,0,28,0,0.0,5,acc_syn_training,0.9412,0.0588,68.91,0,127966.4,3998.95,11,34
case_syn_0642,cust_syn_0911,subscription.pending,SUBSCRIPTION,1489.98,MEDIUM,upi,1,22,0,0.6667,3,acc_syn_training,0.65,0.35,8.47,3,50771.76,3905.52,42,20
case_syn_0916,cust_syn_0345,checkout.abandoned,CHECKOUT_SESSION,935.02,MEDIUM,checkout,0,38,0,0.5,1,acc_syn_training,0.5455,0.4545,64.58,12,59855.04,3325.28,10,33
case_syn_0753,cust_syn_0395,invoice.expired,INVOICE,5650.55,HIGH,invoice,1,14,0,0.2,3,acc_syn_training,0.72,0.28,15.11,6,22473.36,1248.52,43,25
case_syn_0807,cust_syn_0915,checkout.abandoned,CHECKOUT_SESSION,307.78,MEDIUM,card,0,72,1,0.5714,1,acc_syn_training,0.7895,0.2105,71.54,24,11881.95,792.13,28,19
case_syn_0920,cust_syn_0418,checkout.abandoned,CHECKOUT_SESSION,697.73,MEDIUM,upi,0,71,1,0.5,3,acc_syn_training,0.8261,0.1739,52.41,24,54278.82,2856.78,15,23
case_syn_0625,cust_syn_0759,subscription.pending,SUBSCRIPTION,355.87,MEDIUM,upi,2,24,0,0.0,1,acc_syn_training,0.6429,0.3571,26.3,24,29052.27,3228.03,12,14
case_syn_0875,cust_syn_0205,checkout.abandoned,CHECKOUT_SESSION,1314.63,MEDIUM,upi,0,61,1,0.4,4,acc_syn_training,0.9091,0.0909,2.76,12,65735.1,2191.17,4,33
case_syn_0761,cust_syn_0696,invoice.expired,INVOICE,24197.94,HIGH,invoice,2,61,0,0.0,3,acc_syn_training,0.6364,0.3636,6.95,12,36559.46,2611.39,25,22
case_syn_0387,cust_syn_0420,insufficient_funds,PAYMENT,1911.6,MEDIUM,card,2,5,0,0.3333,0,acc_syn_training,0.5676,0.4324,31.8,18,87469.83,4165.23,15,37
case_syn_0973,cust_syn_0618,captured,PAYMENT,1843.01,MEDIUM,upi,2,43,1,0.0,0,acc_syn_training,0.3667,0.6333,8.16,12,30793.84,2799.44,12,30
case_syn_0510,cust_syn_0414,card_expired,PAYMENT,2574.07,MEDIUM,card,1,20,0,0.0,0,acc_syn_training,0.8889,0.1111,18.96,6,8225.44,514.09,36,18
case_syn_0268,cust_syn_0021,payment_timed_out,PAYMENT,1214.95,MEDIUM,upi,1,44,1,0.0,5,acc_syn_training,0.2222,0.7778,12.34,24,3445.84,861.46,7,18
case_syn_0820,cust_syn_0428,checkout.abandoned,CHECKOUT_SESSION,2007.53,MEDIUM,card,0,18,1,0.3333,0,acc_syn_training,0.6579,0.3421,66.84,18,93097.75,3723.91,27,38
case_syn_0442,cust_syn_0479,insufficient_funds,PAYMENT,1409.25,MEDIUM,upi,2,30,1,0.7143,0,acc_syn_training,0.6923,0.3077,66.18,6,13296.6,1477.4,3,13
case_syn_0497,cust_syn_0896,card_expired,PAYMENT,1055.96,MEDIUM,card,1,25,0,0.0,5,acc_syn_training,0.641,0.359,59.51,3,17638.5,705.54,20,39
case_syn_0113,cust_syn_0022,card_not_enrolled,PAYMENT,3642.86,HIGH,card,0,39,1,0.0,4,acc_syn_training,0.6667,0.3333,36.57,0,19217.52,1601.46,39,18
case_syn_0692,cust_syn_0295,subscription.halted,SUBSCRIPTION,629.55,HIGH,emandate,5,30,0,0.4,4,acc_syn_training,0.6538,0.3462,32.05,24,56612.21,3330.13,29,26
case_syn_0233,cust_syn_0232,payment_risk_check_failed,PAYMENT,8441.44,CRITICAL,card,0,3,0,0.5714,4,acc_syn_training,0.7778,0.2222,20.78,0,27068.72,966.74,18,36
case_syn_0870,cust_syn_0130,checkout.abandoned,CHECKOUT_SESSION,1042.92,MEDIUM,card,0,19,0,0.0,3,acc_syn_training,0.7838,0.2162,65.39,3,105364.54,3633.26,36,37
case_syn_0608,cust_syn_0212,subscription.pending,SUBSCRIPTION,1025.43,MEDIUM,emandate,1,38,0,0.6667,0,acc_syn_training,0.8235,0.1765,27.76,12,119889.0,4281.75,39,34
case_syn_0672,cust_syn_0669,subscription.halted,SUBSCRIPTION,2110.15,HIGH,emandate,3,5,1,0.0,5,acc_syn_training,0.7059,0.2941,29.4,6,27116.64,1129.86,0,34
case_syn_0374,cust_syn_0616,insufficient_funds,PAYMENT,974.42,MEDIUM,upi,0,23,1,0.5,4,acc_syn_training,0.5526,0.4474,33.08,1,92073.03,4384.43,29,38
case_syn_0982,cust_syn_0525,captured,PAYMENT,1267.55,MEDIUM,netbanking,0,25,1,0.6,1,acc_syn_training,0.8438,0.1562,63.67,3,55429.92,2052.96,14,32
case_syn_0843,cust_syn_0660,checkout.abandoned,CHECKOUT_SESSION,1622.44,MEDIUM,card,0,58,1,0.5714,3,acc_syn_training,0.6,0.4,30.74,3,23866.2,1988.85,22,20
case_syn_0234,cust_syn_0708,payment_risk_check_failed,PAYMENT,3176.29,CRITICAL,card,0,56,0,0.0,5,acc_syn_training,0.5714,0.4286,46.17,0,32047.2,2670.6,37,21
case_syn_0786,cust_syn_0278,invoice.expired,INVOICE,12668.68,HIGH,invoice,2,30,0,0.1667,4,acc_syn_training,0.5676,0.4324,31.41,18,50407.35,2400.35,4,37
case_syn_0677,cust_syn_0350,subscription.halted,SUBSCRIPTION,3326.34,HIGH,card,5,53,0,0.2,1,acc_syn_training,0.7,0.3,3.42,6,10728.13,1532.59,14,10
case_syn_0318,cust_syn_0534,card_declined,PAYMENT,4603.44,HIGH,card,2,58,0,0.5,0,acc_syn_training,0.5946,0.4054,70.36,3,48948.24,2224.92,23,37
case_syn_0649,cust_syn_0522,subscription.pending,SUBSCRIPTION,1917.57,MEDIUM,upi,1,13,1,1.0,3,acc_syn_training,0.8,0.2,31.1,18,5244.0,262.2,0,25
case_syn_0411,cust_syn_0547,insufficient_funds,PAYMENT,2337.94,MEDIUM,upi,0,56,0,0.0,0,acc_syn_training,0.3077,0.6923,19.86,12,10579.0,2644.75,11,13
case_syn_0899,cust_syn_0725,checkout.abandoned,CHECKOUT_SESSION,749.09,MEDIUM,upi,0,4,0,0.4,3,acc_syn_training,0.75,0.25,18.04,3,15679.44,871.08,12,24
case_syn_0710,cust_syn_0741,subscription.halted,SUBSCRIPTION,2928.7,HIGH,card,5,72,0,0.4286,3,acc_syn_training,0.5556,0.4444,62.23,1,61910.8,3095.54,0,36
case_syn_0359,cust_syn_0766,insufficient_funds,PAYMENT,2173.05,MEDIUM,card,1,64,1,0.5,3,acc_syn_training,0.6154,0.3846,19.42,18,18585.04,2323.13,3,13
case_syn_0259,cust_syn_0346,payment_timed_out,PAYMENT,2176.75,MEDIUM,netbanking,1,15,0,0.0,0,acc_syn_training,0.8,0.2,14.87,18,21787.92,2723.49,34,10
case_syn_0745,cust_syn_0848,invoice.expired,INVOICE,19975.27,HIGH,invoice,0,64,1,0.5,3,acc_syn_training,0.3529,0.6471,46.6,3,12122.52,1010.21,20,34
case_syn_0628,cust_syn_0596,subscription.pending,SUBSCRIPTION,879.18,MEDIUM,emandate,2,55,1,0.5,5,acc_syn_training,0.625,0.375,21.65,18,21199.9,2119.99,39,16
case_syn_0633,cust_syn_0215,subscription.pending,SUBSCRIPTION,1362.9,MEDIUM,upi,2,66,0,0.25,0,acc_syn_training,0.76,0.24,21.86,24,76852.15,4044.85,8,25
case_syn_0283,cust_syn_0714,payment_timed_out,PAYMENT,1821.26,MEDIUM,card,1,62,1,0.3333,1,acc_syn_training,0.5294,0.4706,71.64,6,26597.79,2955.31,1,17
case_syn_0377,cust_syn_0638,insufficient_funds,PAYMENT,754.43,MEDIUM,netbanking,2,20,0,0.0,5,acc_syn_training,0.3824,0.6176,6.04,1,50708.06,3900.62,23,34
case_syn_0385,cust_syn_0095,insufficient_funds,PAYMENT,2024.92,MEDIUM,card,2,16,1,0.0,3,acc_syn_training,0.8214,0.1786,35.26,24,10584.6,460.2,27,28
case_syn_0225,cust_syn_0819,payment_risk_check_failed,PAYMENT,18847.85,CRITICAL,upi,0,3,0,0.5,1,acc_syn_training,0.5,0.5,45.93,0,62902.08,3494.56,38,36
case_syn_0954,cust_syn_0444,captured,PAYMENT,1030.84,MEDIUM,upi,2,24,1,0.0,3,acc_syn_training,0.8857,0.1143,4.72,12,109030.1,3517.1,13,35
case_syn_0815,cust_syn_0502,checkout.abandoned,CHECKOUT_SESSION,1936.11,MEDIUM,upi,0,1,0,0.2857,0,acc_syn_training,0.7632,0.2368,40.07,6,32598.32,1124.08,31,38
case_syn_0473,cust_syn_0273,card_expired,PAYMENT,4260.69,MEDIUM,card,1,57,0,0.0,0,acc_syn_training,0.6207,0.3793,21.11,1,64901.16,3605.62,32,29
case_syn_0348,cust_syn_0119,insufficient_funds,PAYMENT,1315.07,MEDIUM,netbanking,0,51,0,0.5,1,acc_syn_training,0.7895,0.2105,53.78,6,33056.55,2203.77,15,19
case_syn_0506,cust_syn_0824,card_expired,PAYMENT,3097.09,MEDIUM,card,0,34,0,0.1429,4,acc_syn_training,0.7273,0.2727,34.52,6,22690.4,1418.15,40,22
case_syn_0640,cust_syn_0254,subscription.pending,SUBSCRIPTION,347.71,MEDIUM,emandate,2,2,0,0.3333,0,acc_syn_training,0.5,0.5,58.55,12,14155.4,1415.54,34,20
case_syn_0988,cust_syn_0416,captured,PAYMENT,1981.91,MEDIUM,upi,0,16,1,0.2,4,acc_syn_training,0.2105,0.7895,51.96,24,10814.76,2703.69,8,19
case_syn_0929,cust_syn_0330,checkout.abandoned,CHECKOUT_SESSION,1551.61,MEDIUM,upi,0,3,0,0.4286,5,acc_syn_training,0.4444,0.5556,66.19,12,18466.72,2308.34,36,18
case_syn_0906,cust_syn_0421,checkout.abandoned,CHECKOUT_SESSION,1838.73,MEDIUM,upi,0,53,1,0.5,2,acc_syn_training,0.5185,0.4815,3.53,18,19989.2,1427.8,27,27
case_syn_0620,cust_syn_0744,subscription.pending,SUBSCRIPTION,1267.51,MEDIUM,emandate,1,12,1,0.5,3,acc_syn_training,0.5,0.5,20.48,3,20889.6,2611.2,33,16
case_syn_0856,cust_syn_0015,checkout.abandoned,CHECKOUT_SESSION,2356.82,MEDIUM,checkout,0,39,1,0.4286,0,acc_syn_training,0.641,0.359,53.9,24,45951.25,1838.05,17,39
case_syn_0804,cust_syn_0438,checkout.abandoned,CHECKOUT_SESSION,1941.71,MEDIUM,card,0,54,0,0.6,1,acc_syn_training,0.6296,0.3704,13.09,6,29554.16,1738.48,29,27
case_syn_0646,cust_syn_0009,subscription.pending,SUBSCRIPTION,1338.09,MEDIUM,upi,1,9,1,0.5,1,acc_syn_training,0.6522,0.3478,41.91,12,16650.6,1110.04,24,23
case_syn_0847,cust_syn_0309,checkout.abandoned,CHECKOUT_SESSION,2111.74,MEDIUM,card,0,12,0,0.5714,3,acc_syn_training,0.6957,0.3043,47.72,24,39271.68,2454.48,34,23
case_syn_0557,cust_syn_0623,card_expired,PAYMENT,2942.07,MEDIUM,card,0,56,1,0.75,3,acc_syn_training,0.6522,0.3478,59.76,3,15708.9,1047.26,0,23
case_syn_0958,cust_syn_0239,captured,PAYMENT,1641.39,MEDIUM,upi,0,19,1,0.6,0,acc_syn_training,0.3,0.7,18.65,3,21642.6,3607.1,17,20
case_syn_0578,cust_syn_0539,subscription.pending,SUBSCRIPTION,300.94,MEDIUM,upi,1,48,1,0.0,0,acc_syn_training,0.5,0.5,45.99,1,15038.24,939.89,15,32
case_syn_0796,cust_syn_0056,invoice.expired,INVOICE,4769.49,HIGH,invoice,0,8,1,0.5,4,acc_syn_training,0.4118,0.5882,58.75,18,21819.28,3117.04,40,17
case_syn_0086,cust_syn_0952,card_not_enrolled,PAYMENT,3975.71,HIGH,card,0,52,0,0.25,5,acc_syn_training,0.375,0.625,26.62,0,11044.56,920.38,1,32
case_syn_0243,cust_syn_0238,payment_timed_out,PAYMENT,1576.58,MEDIUM,card,1,35,1,0.3333,2,acc_syn_training,0.6667,0.3333,17.28,12,13089.52,1636.19,17,12
case_syn_0699,cust_syn_0506,subscription.halted,SUBSCRIPTION,2215.72,HIGH,card,3,21,0,0.5,3,acc_syn_training,0.5625,0.4375,63.28,3,10010.61,1112.29,31,16
case_syn_0160,cust_syn_0168,payment_risk_check_failed,PAYMENT,4380.94,CRITICAL,card,0,35,0,0.5,4,acc_syn_training,0.9333,0.0667,36.55,0,58747.36,4196.24,23,15
case_syn_0525,cust_syn_0388,card_expired,PAYMENT,4460.85,MEDIUM,card,0,52,0,0.0,3,acc_syn_training,0.5385,0.4615,20.22,18,6538.21,934.03,39,13
case_syn_0036,cust_syn_0519,card_not_enrolled,PAYMENT,2279.85,HIGH,card,0,13,0,0.5,1,acc_syn_training,0.4444,0.5556,34.75,0,27477.28,3434.66,33,18
case_syn_0541,cust_syn_0508,card_expired,PAYMENT,884.5,MEDIUM,card,0,63,0,0.8333,5,acc_syn_training,0.6923,0.3077,58.62,1,34302.69,3811.41,10,13
case_syn_0171,cust_syn_0306,payment_risk_check_failed,PAYMENT,3814.12,CRITICAL,upi,0,9,0,0.0,3,acc_syn_training,0.7059,0.2941,51.8,0,24347.88,2028.99,41,17
case_syn_0655,cust_syn_0066,subscription.halted,SUBSCRIPTION,1387.98,HIGH,card,5,55,0,0.0,0,acc_syn_training,0.7407,0.2593,70.81,6,69465.8,3473.29,18,27
case_syn_0891,cust_syn_0753,checkout.abandoned,CHECKOUT_SESSION,1865.58,MEDIUM,upi,0,45,1,0.5714,5,acc_syn_training,0.7143,0.2857,8.73,24,8779.0,877.9,7,14
case_syn_0858,cust_syn_0462,checkout.abandoned,CHECKOUT_SESSION,122.85,MEDIUM,checkout,0,22,0,0.5,2,acc_syn_training,0.6579,0.3421,37.23,18,68024.5,2720.98,24,38
case_syn_0848,cust_syn_0328,checkout.abandoned,CHECKOUT_SESSION,2427.74,MEDIUM,upi,0,25,1,0.3333,3,acc_syn_training,0.7391,0.2609,15.33,3,36829.31,2166.43,23,23
case_syn_0945,cust_syn_0084,checkout.abandoned,CHECKOUT_SESSION,2006.99,MEDIUM,card,0,25,1,0.5,4,acc_syn_training,0.9189,0.0811,29.1,12,11856.48,348.72,39,37
case_syn_0734,cust_syn_0360,invoice.expired,INVOICE,18067.84,HIGH,invoice,2,54,0,0.4,1,acc_syn_training,0.5625,0.4375,54.48,24,55034.64,3057.48,1,32
case_syn_0096,cust_syn_0988,card_not_enrolled,PAYMENT,2593.48,HIGH,card,0,14,0,0.0,0,acc_syn_training,0.4,0.6,11.41,0,30808.6,3080.86,32,25
case_syn_0564,cust_syn_0722,subscription.pending,SUBSCRIPTION,851.48,MEDIUM,upi,2,46,1,0.6,1,acc_syn_training,0.8696,0.1304,16.96,6,14141.2,707.06,18,23
case_syn_0241,cust_syn_0124,payment_timed_out,PAYMENT,1622.66,MEDIUM,card,1,3,0,0.0,5,acc_syn_training,0.4722,0.5278,60.32,0,44143.73,2596.69,4,36
case_syn_0743,cust_syn_0075,invoice.expired,INVOICE,9891.83,HIGH,invoice,1,59,0,0.3333,1,acc_syn_training,0.4667,0.5333,12.03,1,9140.11,1305.73,1,15
case_syn_0575,cust_syn_0892,subscription.pending,SUBSCRIPTION,1044.14,MEDIUM,upi,1,44,0,0.0,0,acc_syn_training,0.5862,0.4138,29.37,18,20682.54,1216.62,26,29
case_syn_0691,cust_syn_0965,subscription.halted,SUBSCRIPTION,1199.55,HIGH,card,5,19,0,0.0,5,acc_syn_training,0.7857,0.2143,65.05,1,12475.54,567.07,15,28
case_syn_0461,cust_syn_0364,insufficient_funds,PAYMENT,1729.46,MEDIUM,netbanking,2,23,1,1.0,2,acc_syn_training,0.6316,0.3684,10.23,18,17625.48,1468.79,24,19
case_syn_0554,cust_syn_0557,card_expired,PAYMENT,710.38,MEDIUM,card,1,69,0,0.6667,4,acc_syn_training,0.6842,0.3158,68.24,24,48014.07,3693.39,15,19
case_syn_0889,cust_syn_0503,checkout.abandoned,CHECKOUT_SESSION,2131.39,MEDIUM,checkout,0,7,0,0.5714,4,acc_syn_training,0.4348,0.5652,62.85,6,22169.9,2216.99,16,23
case_syn_0207,cust_syn_0862,payment_risk_check_failed,PAYMENT,6778.44,CRITICAL,upi,0,57,0,0.25,3,acc_syn_training,0.44,0.56,56.9,0,14804.68,1345.88,32,25
case_syn_0393,cust_syn_0873,insufficient_funds,PAYMENT,2342.84,MEDIUM,netbanking,1,35,0,0.3333,5,acc_syn_training,0.6364,0.3636,8.89,18,13250.79,1892.97,5,11
case_syn_0795,cust_syn_0533,invoice.expired,INVOICE,11861.43,HIGH,invoice,1,68,0,0.0,0,acc_syn_training,0.7333,0.2667,42.76,24,14126.86,1284.26,26,15
case_syn_0398,cust_syn_0614,insufficient_funds,PAYMENT,2275.31,MEDIUM,card,1,40,1,0.2,0,acc_syn_training,0.6875,0.3125,45.89,6,22031.13,2002.83,33,16
case_syn_0767,cust_syn_0758,invoice.expired,INVOICE,11490.94,HIGH,invoice,2,43,0,0.25,0,acc_syn_training,0.5714,0.4286,4.2,24,14955.36,1246.28,19,21
case_syn_0849,cust_syn_0999,checkout.abandoned,CHECKOUT_SESSION,829.25,MEDIUM,upi,0,19,0,0.0,3,acc_syn_training,0.65,0.35,50.66,12,21221.33,1632.41,5,20
case_syn_0218,cust_syn_0701,payment_risk_check_failed,PAYMENT,5509.69,CRITICAL,upi,0,38,0,0.3333,2,acc_syn_training,0.8571,0.1429,9.06,0,15481.2,1290.1,25,14
case_syn_0005,cust_syn_0816,card_not_enrolled,PAYMENT,2858.36,HIGH,card,0,67,0,0.3333,1,acc_syn_training,0.5676,0.4324,26.2,0,55644.96,2649.76,37,37
case_syn_0769,cust_syn_0926,invoice.expired,INVOICE,13642.31,HIGH,invoice,1,6,0,0.5714,4,acc_syn_training,0.8857,0.1143,30.85,24,84078.82,2712.22,44,35
case_syn_0643,cust_syn_0491,subscription.pending,SUBSCRIPTION,830.44,MEDIUM,upi,2,0,1,0.0,0,acc_syn_training,0.8333,0.1667,35.22,12,36246.45,2416.43,6,18
case_syn_0930,cust_syn_0292,checkout.abandoned,CHECKOUT_SESSION,2354.62,MEDIUM,card,0,53,1,0.4286,2,acc_syn_training,0.2727,0.7273,17.95,3,12012.66,4004.22,25,11
case_syn_0613,cust_syn_0351,subscription.pending,SUBSCRIPTION,1026.46,MEDIUM,emandate,2,68,1,0.2857,3,acc_syn_training,0.4286,0.5714,47.72,6,26328.42,4388.07,14,14
case_syn_0739,cust_syn_0624,invoice.expired,INVOICE,1657.54,HIGH,invoice,1,51,0,0.3333,3,acc_syn_training,0.44,0.56,31.11,18,46216.61,4201.51,29,25
case_syn_0547,cust_syn_0931,card_expired,PAYMENT,2155.94,MEDIUM,card,0,37,0,0.0,4,acc_syn_training,0.4,0.6,48.7,24,45311.42,3236.53,14,35
case_syn_0726,cust_syn_0182,subscription.halted,SUBSCRIPTION,2359.92,HIGH,emandate,5,18,0,0.0,2,acc_syn_training,0.9211,0.0789,6.13,1,156757.65,4478.79,17,38
case_syn_0684,cust_syn_0699,subscription.halted,SUBSCRIPTION,2789.52,HIGH,emandate,5,14,0,1.0,3,acc_syn_training,0.6842,0.3158,39.79,3,25544.48,1964.96,7,19
case_syn_0099,cust_syn_0835,card_not_enrolled,PAYMENT,2891.43,HIGH,card,0,50,1,0.3333,5,acc_syn_training,0.7619,0.2381,10.43,0,45393.92,2837.12,43,21
case_syn_0805,cust_syn_0321,checkout.abandoned,CHECKOUT_SESSION,2224.82,MEDIUM,card,0,26,0,0.6,3,acc_syn_training,0.8125,0.1875,30.51,3,49910.9,1919.65,44,32
case_syn_0728,cust_syn_0470,invoice.expired,INVOICE,22690.48,HIGH,invoice,1,3,0,0.0,2,acc_syn_training,0.4545,0.5455,5.88,3,12853.6,2570.72,30,11
case_syn_0574,cust_syn_0271,subscription.pending,SUBSCRIPTION,1908.53,MEDIUM,emandate,2,22,0,0.0,1,acc_syn_training,0.7778,0.2222,1.01,3,46125.52,1647.34,26,36
case_syn_0407,cust_syn_0967,insufficient_funds,PAYMENT,735.61,MEDIUM,upi,1,68,1,0.3333,4,acc_syn_training,0.6897,0.3103,30.36,12,31523.6,1576.18,27,29
case_syn_0503,cust_syn_0866,card_expired,PAYMENT,2139.17,MEDIUM,card,0,53,0,0.3333,2,acc_syn_training,0.5769,0.4231,19.96,1,25287.15,1685.81,6,26
case_syn_0048,cust_syn_0039,card_not_enrolled,PAYMENT,2981.5,HIGH,card,0,17,0,0.0,4,acc_syn_training,0.4595,0.5405,39.76,0,27096.47,1593.91,8,37
case_syn_0033,cust_syn_0160,card_not_enrolled,PAYMENT,1681.75,HIGH,card,0,20,1,0.6667,0,acc_syn_training,0.7857,0.2143,42.94,0,55096.36,2504.38,0,28
case_syn_0780,cust_syn_0111,invoice.expired,INVOICE,20864.87,HIGH,invoice,1,63,0,0.5,5,acc_syn_training,0.4722,0.5278,51.11,12,11062.24,650.72,24,36
case_syn_0840,cust_syn_0682,checkout.abandoned,CHECKOUT_SESSION,2344.91,MEDIUM,checkout,0,21,1,0.75,0,acc_syn_training,0.7333,0.2667,35.61,24,22964.92,1043.86,25,30
case_syn_0201,cust_syn_0545,payment_risk_check_failed,PAYMENT,5084.27,CRITICAL,upi,0,54,0,0.75,3,acc_syn_training,0.5152,0.4848,48.16,0,58227.38,3425.14,18,33
case_syn_0135,cust_syn_0031,card_not_enrolled,PAYMENT,3177.68,HIGH,card,0,56,1,0.4286,0,acc_syn_training,0.6579,0.3421,42.56,0,73939.0,2957.56,1,38
case_syn_0028,cust_syn_0236,card_not_enrolled,PAYMENT,3733.73,HIGH,card,0,60,0,0.2857,0,acc_syn_training,0.6786,0.3214,40.76,0,49078.14,2583.06,21,28
case_syn_0881,cust_syn_0257,checkout.abandoned,CHECKOUT_SESSION,2210.21,MEDIUM,card,0,45,1,0.7143,3,acc_syn_training,0.6071,0.3929,3.57,1,26557.06,1562.18,0,28
case_syn_0231,cust_syn_0746,payment_risk_check_failed,PAYMENT,5485.44,CRITICAL,card,0,40,0,0.0,2,acc_syn_training,0.5263,0.4737,11.74,0,28266.8,1413.34,43,38
case_syn_0490,cust_syn_0358,card_expired,PAYMENT,4512.49,MEDIUM,card,1,64,0,0.25,2,acc_syn_training,0.6923,0.3077,2.62,6,8223.12,456.84,44,26
case_syn_0773,cust_syn_0269,invoice.expired,INVOICE,11605.81,HIGH,invoice,1,53,1,0.75,3,acc_syn_training,0.7826,0.2174,4.39,6,14749.2,819.4,21,23
case_syn_0379,cust_syn_0219,insufficient_funds,PAYMENT,1687.05,MEDIUM,upi,1,53,1,0.0,0,acc_syn_training,0.5,0.5,7.89,3,7422.21,824.69,4,18
case_syn_0289,cust_syn_0521,payment_timed_out,PAYMENT,264.34,MEDIUM,card,2,65,1,0.0,4,acc_syn_training,0.7308,0.2692,18.85,3,5566.05,292.95,19,26
case_syn_0419,cust_syn_0025,insufficient_funds,PAYMENT,1117.51,MEDIUM,upi,1,28,1,0.3333,2,acc_syn_training,0.2564,0.7436,23.92,6,18119.3,1811.93,19,39
case_syn_0675,cust_syn_0809,subscription.halted,SUBSCRIPTION,3445.7,HIGH,emandate,4,71,1,0.3333,5,acc_syn_training,0.4545,0.5455,69.6,6,20673.95,4134.79,5,11
case_syn_0392,cust_syn_0307,insufficient_funds,PAYMENT,2817.48,MEDIUM,card,2,27,1,0.2,3,acc_syn_training,0.375,0.625,37.91,3,27621.81,3069.09,37,24
case_syn_0593,cust_syn_0910,subscription.pending,SUBSCRIPTION,1466.59,MEDIUM,emandate,1,7,0,0.1667,3,acc_syn_training,0.697,0.303,60.71,12,84671.28,3681.36,2,33
case_syn_0499,cust_syn_0970,card_expired,PAYMENT,912.33,MEDIUM,card,1,4,1,0.0,2,acc_syn_training,0.8462,0.1538,3.38,12,98995.16,4499.78,9,26
case_syn_0139,cust_syn_0524,card_not_enrolled,PAYMENT,1478.68,HIGH,card,0,33,1,0.5,1,acc_syn_training,0.6774,0.3226,66.04,0,7544.04,359.24,14,31
case_syn_0063,cust_syn_0392,card_not_enrolled,PAYMENT,528.17,HIGH,card,0,43,0,0.25,2,acc_syn_training,0.3529,0.6471,42.12,0,23756.52,3959.42,18,17
case_syn_0472,cust_syn_0093,insufficient_funds,PAYMENT,2861.22,MEDIUM,card,1,70,0,0.8,0,acc_syn_training,0.6538,0.3462,6.65,24,58545.28,3443.84,15,26
case_syn_0648,cust_syn_0019,subscription.pending,SUBSCRIPTION,999.57,MEDIUM,upi,1,14,0,0.6,0,acc_syn_training,0.5,0.5,8.3,18,25096.68,3585.24,12,14
case_syn_0129,cust_syn_0750,card_not_enrolled,PAYMENT,3643.55,HIGH,card,0,47,0,0.2,2,acc_syn_training,0.5,0.5,58.23,0,18392.08,1313.72,7,28
case_syn_0977,cust_syn_0781,captured,PAYMENT,1728.57,MEDIUM,card,0,27,1,0.75,3,acc_syn_training,0.7,0.3,51.16,6,33333.02,2380.93,1,20
case_syn_0521,cust_syn_0761,card_expired,PAYMENT,1582.94,MEDIUM,card,1,24,0,0.0,4,acc_syn_training,0.6154,0.3846,61.76,6,22631.04,942.96,19,39
case_syn_0839,cust_syn_0166,checkout.abandoned,CHECKOUT_SESSION,2197.66,MEDIUM,card,0,8,0,0.2857,0,acc_syn_training,0.7083,0.2917,12.14,24,28926.18,1701.54,23,24
case_syn_0963,cust_syn_0828,captured,PAYMENT,506.92,MEDIUM,netbanking,1,72,1,0.6667,4,acc_syn_training,0.5172,0.4828,26.66,24,52914.75,3527.65,2,29
case_syn_0065,cust_syn_0149,card_not_enrolled,PAYMENT,1100.04,HIGH,card,0,58,0,0.6,4,acc_syn_training,0.7407,0.2593,40.11,0,24368.8,1218.44,7,27
case_syn_0813,cust_syn_0492,checkout.abandoned,CHECKOUT_SESSION,558.46,MEDIUM,checkout,0,2,1,0.4286,2,acc_syn_training,0.8947,0.1053,60.43,18,52563.49,3091.97,25,19
case_syn_0015,cust_syn_0832,card_not_enrolled,PAYMENT,591.11,HIGH,card,0,56,1,0.6,1,acc_syn_training,0.7105,0.2895,66.62,0,67889.88,2514.44,9,38
case_syn_0157,cust_syn_0930,payment_risk_check_failed,PAYMENT,80000.0,CRITICAL,upi,0,19,0,0.5,5,acc_syn_training,0.7273,0.2727,45.22,0,26350.96,3293.87,29,11
case_syn_0041,cust_syn_0735,card_not_enrolled,PAYMENT,862.8,HIGH,card,0,49,0,0.5,1,acc_syn_training,0.5667,0.4333,10.2,0,57741.01,3396.53,14,30
case_syn_0493,cust_syn_0843,card_expired,PAYMENT,1875.08,MEDIUM,card,0,41,1,0.5,5,acc_syn_training,0.9,0.1,34.85,12,33916.41,3768.49,13,10
case_syn_0380,cust_syn_0343,insufficient_funds,PAYMENT,1006.9,MEDIUM,upi,1,59,1,0.25,1,acc_syn_training,0.8182,0.1818,5.39,6,102258.72,3787.36,31,33
case_syn_0188,cust_syn_0494,payment_risk_check_failed,PAYMENT,17548.92,CRITICAL,upi,0,27,1,0.6667,4,acc_syn_training,0.7727,0.2273,50.87,0,8173.94,480.82,20,22
case_syn_0764,cust_syn_0298,invoice.expired,INVOICE,17371.57,HIGH,invoice,1,41,0,0.4,3,acc_syn_training,0.5758,0.4242,50.87,24,44422.76,2338.04,3,33
case_syn_0217,cust_syn_0373,payment_risk_check_failed,PAYMENT,13185.55,CRITICAL,card,0,11,0,0.5,2,acc_syn_training,0.6875,0.3125,17.42,0,91158.32,4143.56,39,32
case_syn_0792,cust_syn_0379,invoice.expired,INVOICE,24925.58,HIGH,invoice,2,9,0,0.5,2,acc_syn_training,0.7333,0.2667,41.9,3,61104.78,2777.49,8,30
case_syn_0053,cust_syn_0223,card_not_enrolled,PAYMENT,3810.17,HIGH,card,0,14,1,0.5,1,acc_syn_training,0.7812,0.2188,32.76,0,84487.5,3379.5,24,32
case_syn_0879,cust_syn_0442,checkout.abandoned,CHECKOUT_SESSION,448.54,MEDIUM,upi,0,46,1,0.0,3,acc_syn_training,0.6296,0.3704,65.59,3,69078.82,4063.46,24,27
case_syn_0338,cust_syn_0206,currency_not_supported,PAYMENT,3318.88,HIGH,upi,0,12,0,0.5,2,acc_syn_training,0.7143,0.2857,14.62,24,23506.0,2350.6,38,14
case_syn_0749,cust_syn_0242,invoice.expired,INVOICE,20689.24,HIGH,invoice,2,70,0,1.0,1,acc_syn_training,0.5625,0.4375,32.56,24,30234.69,3359.41,0,16
case_syn_0720,cust_syn_0415,subscription.halted,SUBSCRIPTION,3348.46,HIGH,card,3,18,0,0.5,2,acc_syn_training,0.6957,0.3043,4.06,18,64225.12,4014.07,32,23
case_syn_0725,cust_syn_0325,subscription.halted,SUBSCRIPTION,1302.01,HIGH,card,4,35,0,0.3333,4,acc_syn_training,0.5714,0.4286,63.92,6,68671.04,4291.94,18,28
case_syn_0296,cust_syn_0047,card_declined,PAYMENT,2257.32,HIGH,card,2,56,0,0.2857,0,acc_syn_training,0.5128,0.4872,20.38,6,55870.6,2793.53,7,39
case_syn_0702,cust_syn_0375,subscription.halted,SUBSCRIPTION,3020.27,HIGH,card,5,60,0,0.25,5,acc_syn_training,0.6296,0.3704,5.16,12,34242.42,2014.26,41,27
case_syn_0252,cust_syn_0646,payment_timed_out,PAYMENT,1623.82,MEDIUM,netbanking,2,3,1,0.1429,2,acc_syn_training,0.8649,0.1351,15.72,18,92964.8,2905.15,20,37
case_syn_0727,cust_syn_0460,subscription.halted,SUBSCRIPTION,2279.93,HIGH,emandate,3,6,0,0.6667,2,acc_syn_training,0.2571,0.7429,24.3,12,13662.81,1518.09,29,35
case_syn_0462,cust_syn_0141,insufficient_funds,PAYMENT,2353.3,MEDIUM,netbanking,0,13,1,0.6667,0,acc_syn_training,0.6,0.4,55.2,24,35007.66,3889.74,9,15
case_syn_0456,cust_syn_0944,insufficient_funds,PAYMENT,1779.04,MEDIUM,upi,1,8,0,0.3333,4,acc_syn_training,0.75,0.25,55.89,1,19944.48,1662.04,10,16
case_syn_0997,cust_syn_0290,captured,PAYMENT,381.34,MEDIUM,card,1,8,1,0.4286,5,acc_syn_training,0.8182,0.1818,23.53,1,71691.12,3982.84,25,22
case_syn_0816,cust_syn_0296,checkout.abandoned,CHECKOUT_SESSION,184.49,MEDIUM,checkout,0,45,0,0.0,4,acc_syn_training,0.75,0.25,37.07,12,7327.8,610.65,20,16
case_syn_0863,cust_syn_0569,checkout.abandoned,CHECKOUT_SESSION,1873.55,MEDIUM,card,0,16,1,0.5,1,acc_syn_training,0.5128,0.4872,37.95,3,23177.4,1158.87,35,39
case_syn_0270,cust_syn_0237,payment_timed_out,PAYMENT,308.73,MEDIUM,netbanking,2,60,0,0.6,3,acc_syn_training,0.3824,0.6176,8.42,12,46036.64,3541.28,14,34
case_syn_0202,cust_syn_0581,payment_risk_check_failed,PAYMENT,3481.71,CRITICAL,card,0,10,0,0.1667,4,acc_syn_training,0.7,0.3,39.71,0,35406.0,2529.0,29,20
case_syn_0162,cust_syn_0833,payment_risk_check_failed,PAYMENT,7204.38,CRITICAL,card,0,22,0,0.7143,4,acc_syn_training,0.75,0.25,14.23,0,29448.24,2454.02,30,16
case_syn_0556,cust_syn_0560,card_expired,PAYMENT,1789.67,MEDIUM,card,0,0,0,0.6667,5,acc_syn_training,0.7059,0.2941,46.36,1,5283.24,440.27,25,17
case_syn_0730,cust_syn_0186,invoice.expired,INVOICE,2439.58,HIGH,invoice,1,26,0,0.5,1,acc_syn_training,0.6364,0.3636,4.2,18,26463.43,3780.49,21,11
case_syn_0402,cust_syn_0553,insufficient_funds,PAYMENT,1925.99,MEDIUM,upi,2,21,0,0.2857,1,acc_syn_training,0.7,0.3,69.68,12,23114.98,3302.14,22,10
case_syn_0703,cust_syn_0099,subscription.halted,SUBSCRIPTION,1640.4,HIGH,card,4,9,1,0.5,4,acc_syn_training,0.7027,0.2973,59.12,24,100688.12,3872.62,31,37
case_syn_0477,cust_syn_0376,card_expired,PAYMENT,4306.23,MEDIUM,card,1,4,1,1.0,1,acc_syn_training,0.7568,0.2432,46.55,3,91420.0,3265.0,17,37
case_syn_0822,cust_syn_0280,checkout.abandoned,CHECKOUT_SESSION,1763.17,MEDIUM,upi,0,17,0,0.0,3,acc_syn_training,0.5789,0.4211,62.25,1,42579.35,3870.85,24,19
case_syn_0772,cust_syn_0026,invoice.expired,INVOICE,15371.8,HIGH,invoice,1,41,0,0.3333,4,acc_syn_training,0.3333,0.6667,38.59,3,25680.69,3668.67,28,21
case_syn_0106,cust_syn_0535,card_not_enrolled,PAYMENT,776.76,HIGH,card,0,68,0,0.3333,3,acc_syn_training,0.96,0.04,32.89,0,72846.24,3035.26,28,25
case_syn_0566,cust_syn_0029,subscription.pending,SUBSCRIPTION,996.93,MEDIUM,emandate,1,25,0,0.3333,4,acc_syn_training,0.625,0.375,48.49,24,30436.35,2029.09,32,24
case_syn_0390,cust_syn_0208,insufficient_funds,PAYMENT,1486.9,MEDIUM,card,1,14,1,0.0,5,acc_syn_training,0.75,0.25,54.84,3,29660.85,3295.65,25,12
case_syn_0002,cust_syn_0314,card_not_enrolled,PAYMENT,428.29,HIGH,card,0,8,1,0.5,3,acc_syn_training,0.5714,0.4286,6.74,0,24161.76,3020.22,19,14
case_syn_0938,cust_syn_0412,checkout.abandoned,CHECKOUT_SESSION,580.27,MEDIUM,card,0,22,0,0.0,2,acc_syn_training,0.5238,0.4762,0.82,6,9184.45,834.95,8,21
case_syn_0983,cust_syn_0615,captured,PAYMENT,1930.87,MEDIUM,netbanking,2,30,1,0.0,4,acc_syn_training,0.7273,0.2727,24.77,6,25327.12,3165.89,13,11
case_syn_0562,cust_syn_0187,card_expired,PAYMENT,1438.13,MEDIUM,card,1,22,1,0.7143,1,acc_syn_training,0.75,0.25,26.6,18,13934.61,1548.29,1,12
case_syn_0081,cust_syn_0529,card_not_enrolled,PAYMENT,394.17,HIGH,card,0,17,1,0.0,0,acc_syn_training,0.6216,0.3784,61.73,0,21130.33,918.71,39,37
case_syn_0206,cust_syn_0452,payment_risk_check_failed,PAYMENT,12589.67,CRITICAL,card,0,8,0,0.5,1,acc_syn_training,0.4872,0.5128,65.3,0,30794.82,1620.78,13,39
case_syn_0035,cust_syn_0989,card_not_enrolled,PAYMENT,2395.58,HIGH,card,0,53,0,0.0,3,acc_syn_training,0.7391,0.2609,61.59,0,25249.93,1485.29,13,23
case_syn_0776,cust_syn_0844,invoice.expired,INVOICE,14844.45,HIGH,invoice,1,67,0,0.6667,2,acc_syn_training,0.5641,0.4359,10.67,3,43619.4,1982.7,30,39
case_syn_0509,cust_syn_0536,card_expired,PAYMENT,1243.62,MEDIUM,card,1,37,0,0.4,2,acc_syn_training,0.4194,0.5806,11.8,6,33953.14,2611.78,18,31
case_syn_0428,cust_syn_0549,insufficient_funds,PAYMENT,2988.64,MEDIUM,upi,1,28,1,0.4,2,acc_syn_training,0.5556,0.4444,7.36,3,53993.0,2699.65,41,36
case_syn_0455,cust_syn_0082,insufficient_funds,PAYMENT,1147.08,MEDIUM,netbanking,0,48,0,0.3333,4,acc_syn_training,0.5484,0.4516,47.37,1,52476.11,3086.83,29,31
case_syn_0367,cust_syn_0572,insufficient_funds,PAYMENT,2379.12,MEDIUM,netbanking,2,67,0,0.5,4,acc_syn_training,0.7273,0.2727,4.14,6,78597.12,3274.88,39,33
case_syn_0092,cust_syn_0467,card_not_enrolled,PAYMENT,1561.21,HIGH,card,0,62,1,1.0,1,acc_syn_training,0.697,0.303,33.8,0,90675.43,3942.41,31,33
case_syn_0340,cust_syn_0975,currency_not_supported,PAYMENT,4667.7,HIGH,upi,0,3,1,0.5,3,acc_syn_training,0.7714,0.2286,12.79,1,12706.47,470.61,35,35
case_syn_0898,cust_syn_0334,checkout.abandoned,CHECKOUT_SESSION,1462.43,MEDIUM,card,0,7,1,0.4286,3,acc_syn_training,0.5,0.5,5.3,6,24746.68,3535.24,7,14
case_syn_0565,cust_syn_0748,subscription.pending,SUBSCRIPTION,1865.81,MEDIUM,emandate,1,52,1,0.4286,4,acc_syn_training,0.5,0.5,68.88,24,38748.48,2421.78,40,32
case_syn_0346,cust_syn_0591,insufficient_funds,PAYMENT,2600.78,MEDIUM,netbanking,0,54,1,0.0,4,acc_syn_training,0.6923,0.3077,13.96,6,21433.95,2381.55,16,13
case_syn_0777,cust_syn_0143,invoice.expired,INVOICE,22748.24,HIGH,invoice,1,48,0,0.4,4,acc_syn_training,0.7143,0.2857,39.52,18,25150.2,1257.51,1,28
case_syn_0242,cust_syn_0604,payment_timed_out,PAYMENT,2287.7,MEDIUM,card,1,8,1,0.6,3,acc_syn_training,0.4286,0.5714,37.09,24,17628.96,2938.16,44,14
case_syn_0014,cust_syn_0808,card_not_enrolled,PAYMENT,930.89,HIGH,card,0,64,0,0.0,3,acc_syn_training,0.3333,0.6667,3.18,0,9515.15,1903.03,41,15
case_syn_0316,cust_syn_0721,card_declined,PAYMENT,2886.32,HIGH,card,2,52,1,0.6,4,acc_syn_training,0.7727,0.2273,17.55,24,7851.28,461.84,12,22
case_syn_0601,cust_syn_0673,subscription.pending,SUBSCRIPTION,1204.88,MEDIUM,emandate,2,43,1,0.4,2,acc_syn_training,0.6,0.4,36.56,18,26341.56,4390.26,38,10
case_syn_0388,cust_syn_0260,insufficient_funds,PAYMENT,903.28,MEDIUM,upi,1,48,1,0.0,5,acc_syn_training,0.7586,0.2414,54.58,1,95848.72,4356.76,22,29
case_syn_0274,cust_syn_0518,payment_timed_out,PAYMENT,2242.45,MEDIUM,card,1,53,1,0.4286,5,acc_syn_training,0.8696,0.1304,38.57,12,64441.6,3222.08,29,23
case_syn_0167,cust_syn_0632,payment_risk_check_failed,PAYMENT,6046.68,CRITICAL,card,0,62,0,0.5,1,acc_syn_training,0.3158,0.6842,19.35,0,12959.64,1079.97,42,38
case_syn_0841,cust_syn_0799,checkout.abandoned,CHECKOUT_SESSION,293.66,MEDIUM,card,0,63,0,0.0,3,acc_syn_training,0.4762,0.5238,15.54,1,38403.3,3840.33,14,21
case_syn_0993,cust_syn_0937,captured,PAYMENT,1364.62,MEDIUM,netbanking,2,23,1,0.0,3,acc_syn_training,0.4737,0.5263,59.92,3,51946.02,2885.89,19,38
case_syn_0647,cust_syn_0717,subscription.pending,SUBSCRIPTION,1729.41,MEDIUM,emandate,2,29,0,0.0,3,acc_syn_training,0.7222,0.2778,33.51,18,31088.72,1195.72,5,36
case_syn_0819,cust_syn_0426,checkout.abandoned,CHECKOUT_SESSION,2412.61,MEDIUM,upi,0,55,1,0.5,0,acc_syn_training,0.4872,0.5128,10.98,1,35774.72,1882.88,24,39
case_syn_0485,cust_syn_0304,card_expired,PAYMENT,502.11,MEDIUM,card,1,34,1,0.2,2,acc_syn_training,0.6333,0.3667,28.45,12,34364.54,1808.66,27,30
case_syn_0981,cust_syn_0917,captured,PAYMENT,655.82,MEDIUM,card,0,72,1,0.0,5,acc_syn_training,0.7368,0.2632,23.39,24,15948.66,1139.19,16,19
case_syn_0505,cust_syn_0588,card_expired,PAYMENT,1970.18,MEDIUM,card,0,5,1,0.0,4,acc_syn_training,0.5882,0.4118,41.43,6,22989.7,2298.97,1,17
case_syn_0832,cust_syn_0778,checkout.abandoned,CHECKOUT_SESSION,268.72,MEDIUM,checkout,0,72,0,0.5,1,acc_syn_training,0.7931,0.2069,56.71,6,5805.89,252.43,7,29
case_syn_0244,cust_syn_0564,payment_timed_out,PAYMENT,2755.48,MEDIUM,upi,2,23,0,0.0,0,acc_syn_training,0.5484,0.4516,14.31,6,73214.41,4306.73,7,31
case_syn_0567,cust_syn_0769,subscription.pending,SUBSCRIPTION,1632.95,MEDIUM,upi,2,55,1,0.6,0,acc_syn_training,0.5128,0.4872,43.68,18,32278.8,1613.94,28,39
case_syn_0876,cust_syn_0336,checkout.abandoned,CHECKOUT_SESSION,626.23,MEDIUM,card,0,23,1,0.0,4,acc_syn_training,0.6176,0.3824,69.08,18,30151.59,1435.79,39,34
case_syn_0563,cust_syn_0573,card_expired,PAYMENT,669.96,MEDIUM,card,1,56,1,0.6667,5,acc_syn_training,0.7917,0.2083,2.0,6,74196.9,3905.1,40,24
case_syn_0687,cust_syn_0282,subscription.halted,SUBSCRIPTION,2251.99,HIGH,emandate,5,46,0,1.0,0,acc_syn_training,0.6154,0.3846,28.17,1,38876.64,1619.86,36,39
case_syn_0190,cust_syn_0584,payment_risk_check_failed,PAYMENT,8048.91,CRITICAL,upi,0,20,0,0.3333,4,acc_syn_training,0.6538,0.3462,53.21,0,59520.4,3501.2,4,26
case_syn_0783,cust_syn_0779,invoice.expired,INVOICE,11061.72,HIGH,invoice,0,12,0,0.1429,2,acc_syn_training,0.5,0.5,17.48,1,5969.76,994.96,31,12
case_syn_0700,cust_syn_0122,subscription.halted,SUBSCRIPTION,1037.42,HIGH,emandate,4,27,0,0.5,1,acc_syn_training,0.7812,0.2188,22.94,1,86126.75,3445.07,12,32
case_syn_0476,cust_syn_0052,card_expired,PAYMENT,986.69,MEDIUM,card,1,54,1,1.0,5,acc_syn_training,0.7273,0.2727,63.89,1,22688.16,1418.01,8,22
case_syn_0682,cust_syn_0922,subscription.halted,SUBSCRIPTION,3846.62,HIGH,card,5,42,0,0.0,1,acc_syn_training,0.7273,0.2727,53.86,18,17784.0,1111.5,8,22
case_syn_0511,cust_syn_0897,card_expired,PAYMENT,3809.78,MEDIUM,card,0,7,1,0.4286,0,acc_syn_training,0.4643,0.5357,69.15,18,27233.31,2094.87,37,28
case_syn_0059,cust_syn_0435,card_not_enrolled,PAYMENT,1186.88,HIGH,card,0,9,0,0.5,5,acc_syn_training,0.48,0.52,13.09,0,8618.16,718.18,21,25
case_syn_0475,cust_syn_0248,card_expired,PAYMENT,3834.67,MEDIUM,card,0,26,1,0.0,2,acc_syn_training,0.4545,0.5455,59.63,18,2602.85,520.57,28,11
case_syn_0561,cust_syn_0487,card_expired,PAYMENT,641.65,MEDIUM,card,1,44,0,0.5,2,acc_syn_training,0.8667,0.1333,30.93,18,24919.31,1916.87,10,15
case_syn_0857,cust_syn_0847,checkout.abandoned,CHECKOUT_SESSION,1887.54,MEDIUM,upi,0,51,1,0.0,4,acc_syn_training,0.5185,0.4815,2.48,24,59494.54,4249.61,23,27
case_syn_0748,cust_syn_0220,invoice.expired,INVOICE,22906.1,HIGH,invoice,2,69,0,0.2,4,acc_syn_training,0.7241,0.2759,71.17,6,71279.88,3394.28,38,29
case_syn_0253,cust_syn_0450,payment_timed_out,PAYMENT,1221.08,MEDIUM,card,1,49,0,0.25,3,acc_syn_training,0.4231,0.5769,54.74,24,5708.56,518.96,24,26
case_syn_0022,cust_syn_0482,card_not_enrolled,PAYMENT,3136.96,HIGH,card,0,46,0,0.2,0,acc_syn_training,0.6364,0.3636,9.74,0,30898.28,4414.04,16,11
case_syn_0314,cust_syn_0036,card_declined,PAYMENT,3797.86,HIGH,card,1,40,0,0.0,3,acc_syn_training,0.641,0.359,33.29,24,110378.0,4415.12,35,39
case_syn_0460,cust_syn_0554,insufficient_funds,PAYMENT,1950.48,MEDIUM,netbanking,0,41,1,0.5,4,acc_syn_training,0.6667,0.3333,64.83,24,39920.86,2851.49,0,21
case_syn_0161,cust_syn_0860,payment_risk_check_failed,PAYMENT,13927.31,CRITICAL,card,0,25,0,0.5714,3,acc_syn_training,0.5,0.5,48.94,0,10096.98,531.42,1,38
case_syn_0277,cust_syn_0869,payment_timed_out,PAYMENT,2480.67,MEDIUM,upi,1,20,0,0.25,2,acc_syn_training,0.7143,0.2857,67.32,6,63328.0,3166.4,30,28
case_syn_0956,cust_syn_0575,captured,PAYMENT,1878.5,MEDIUM,upi,1,30,1,0.5,4,acc_syn_training,0.55,0.45,6.17,12,48747.05,4431.55,27,20
case_syn_0192,cust_syn_0252,payment_risk_check_failed,PAYMENT,1798.81,CRITICAL,card,0,37,0,0.5,3,acc_syn_training,0.75,0.25,40.18,0,17093.07,1899.23,4,12
case_syn_0386,cust_syn_0341,insufficient_funds,PAYMENT,2700.48,MEDIUM,netbanking,2,48,0,0.5,0,acc_syn_training,0.4375,0.5625,14.91,12,20151.6,2878.8,40,16
case_syn_0806,cust_syn_0382,checkout.abandoned,CHECKOUT_SESSION,129.28,MEDIUM,checkout,0,30,0,0.0,0,acc_syn_training,0.9412,0.0588,10.36,24,48998.72,1531.21,29,34
case_syn_0414,cust_syn_0849,insufficient_funds,PAYMENT,214.82,MEDIUM,card,1,59,1,0.6667,1,acc_syn_training,0.6538,0.3462,31.21,6,25500.0,1500.0,26,26
case_syn_0492,cust_syn_0230,card_expired,PAYMENT,1220.85,MEDIUM,card,0,5,1,0.0,4,acc_syn_training,0.6486,0.3514,51.18,12,9516.0,396.5,44,37
case_syn_0344,cust_syn_0244,currency_not_supported,PAYMENT,2530.77,HIGH,card,0,64,1,0.6,5,acc_syn_training,0.7273,0.2727,33.78,6,104387.28,4349.47,2,33
case_syn_0770,cust_syn_0597,invoice.expired,INVOICE,5259.17,HIGH,invoice,0,36,0,0.0,5,acc_syn_training,0.5,0.5,2.51,6,83980.57,4420.03,32,38
case_syn_0309,cust_syn_0958,card_declined,PAYMENT,2346.37,HIGH,card,1,71,1,0.25,5,acc_syn_training,0.625,0.375,55.72,12,29815.95,1987.73,8,24
case_syn_0662,cust_syn_0550,subscription.halted,SUBSCRIPTION,2513.48,HIGH,emandate,4,71,1,0.4286,4,acc_syn_training,0.6923,0.3077,14.57,1,67284.36,3738.02,35,26
case_syn_0131,cust_syn_0316,card_not_enrolled,PAYMENT,1249.12,HIGH,card,0,0,1,0.6667,1,acc_syn_training,0.75,0.25,44.27,0,14050.65,936.71,11,20
case_syn_0664,cust_syn_0478,subscription.halted,SUBSCRIPTION,3828.53,HIGH,card,4,23,1,1.0,1,acc_syn_training,0.7619,0.2381,41.29,6,13123.52,820.22,36,21
case_syn_0872,cust_syn_0014,checkout.abandoned,CHECKOUT_SESSION,574.85,MEDIUM,upi,0,51,0,0.0,1,acc_syn_training,0.7308,0.2692,3.71,24,18042.02,949.58,19,26
case_syn_0100,cust_syn_0466,card_not_enrolled,PAYMENT,395.99,HIGH,card,0,51,1,0.25,3,acc_syn_training,0.8462,0.1538,45.08,0,32456.27,2950.57,13,13
case_syn_0373,cust_syn_0941,insufficient_funds,PAYMENT,841.65,MEDIUM,card,0,27,1,0.4,4,acc_syn_training,0.5172,0.4828,43.12,3,56877.15,3791.81,26,29
case_syn_0088,cust_syn_0109,card_not_enrolled,PAYMENT,3490.01,HIGH,card,0,9,1,0.6667,3,acc_syn_training,0.6,0.4,71.54,0,3623.13,402.57,21,15
case_syn_0459,cust_syn_0046,insufficient_funds,PAYMENT,1468.87,MEDIUM,card,1,1,1,0.3333,0,acc_syn_training,0.4286,0.5714,8.01,24,37627.5,2508.5,17,35
case_syn_0331,cust_syn_0838,currency_not_supported,PAYMENT,2721.82,HIGH,upi,0,52,0,0.0,4,acc_syn_training,0.7407,0.2593,49.32,18,47214.4,2360.72,10,27
case_syn_0215,cust_syn_0002,payment_risk_check_failed,PAYMENT,2168.98,CRITICAL,card,0,56,0,0.5714,4,acc_syn_training,0.8276,0.1724,64.36,0,105011.28,4375.47,35,29
case_syn_0467,cust_syn_0515,insufficient_funds,PAYMENT,382.16,MEDIUM,card,2,67,1,0.3333,0,acc_syn_training,0.7059,0.2941,32.58,18,38936.52,3244.71,22,17
case_syn_0122,cust_syn_0651,card_not_enrolled,PAYMENT,1803.49,HIGH,card,0,0,0,0.0,3,acc_syn_training,0.7273,0.2727,26.72,0,27822.64,3477.83,1,11
case_syn_0615,cust_syn_0003,subscription.pending,SUBSCRIPTION,1558.85,MEDIUM,upi,2,6,0,0.0,2,acc_syn_training,0.625,0.375,16.72,12,16043.4,802.17,25,32
case_syn_0021,cust_syn_0044,card_not_enrolled,PAYMENT,2034.39,HIGH,card,0,25,1,0.2857,5,acc_syn_training,0.7143,0.2857,35.55,0,22368.75,1491.25,26,21
case_syn_0701,cust_syn_0472,subscription.halted,SUBSCRIPTION,2789.48,HIGH,emandate,4,34,0,0.2,3,acc_syn_training,0.4545,0.5455,59.66,18,12708.65,2541.73,15,11
case_syn_0072,cust_syn_0641,card_not_enrolled,PAYMENT,3950.34,HIGH,card,0,54,1,1.0,4,acc_syn_training,0.4444,0.5556,18.98,0,58419.36,3651.21,2,36
case_syn_0107,cust_syn_0289,card_not_enrolled,PAYMENT,3847.07,HIGH,card,0,17,0,0.5,4,acc_syn_training,0.6216,0.3784,17.69,0,92748.88,4032.56,11,37
case_syn_0271,cust_syn_0394,payment_timed_out,PAYMENT,2702.96,MEDIUM,netbanking,1,53,0,0.3333,2,acc_syn_training,0.8919,0.1081,44.49,1,57784.65,1751.05,9,37
case_syn_0861,cust_syn_0192,checkout.abandoned,CHECKOUT_SESSION,1766.57,MEDIUM,card,0,34,0,0.0,1,acc_syn_training,0.6774,0.3226,42.51,18,90659.73,4317.13,29,31
case_syn_0436,cust_syn_0510,insufficient_funds,PAYMENT,362.32,MEDIUM,card,2,56,1,0.5,4,acc_syn_training,0.7419,0.2581,68.71,12,77691.93,3377.91,38,31
case_syn_0103,cust_syn_0035,card_not_enrolled,PAYMENT,383.4,HIGH,card,0,9,0,0.5,1,acc_syn_training,0.6471,0.3529,51.26,0,23549.46,1070.43,23,34
