event_id,customer_id,merchant_id,workflow,event_type,source,source_id,reason,amount_inr,currency,payment_method,retry_count,hours_since_fail,failed_at,baseline_action,priority,prior_payment_count,prior_success_count,prior_failure_count,avg_payment_delay_hours,historical_recovery_attempts,historical_recovery_successes,subscription_age_months,lifetime_value_inr,avg_order_value_inr,customer_retry_history_count,days_since_last_activity,paid_eventually,paid_after_hours,amount_recovered_inr
evt_syn_0210,cust_syn_0101,acc_syn_training,payment_subscription_fail,subscription.pending,SUBSCRIPTION,sub_syn_0210,subscription.pending,1550.8,INR,upi,1,16,2026-08-20T02:00:00+00:00,RETRY_PAYMENT,MEDIUM,26,17,9,31.35,3,1,12,30164.12,1774.36,2,36,1,140.0,1550.8
evt_syn_0281,cust_syn_0010,acc_syn_training,payment_subscription_fail,invoice.expired,INVOICE,inv_syn_0281,invoice.expired,7944.77,INR,invoice,0,21,2026-07-21T21:00:00+00:00,REQUEST_PROMISE_TO_PAY,HIGH,6,3,3,35.82,2,2,12,1280.58,426.86,1,14,0,,0.0
evt_syn_0034,cust_syn_0024,acc_syn_training,payment_subscription_fail,payment.failed,PAYMENT,pay_syn_0034,insufficient_funds,1981.68,INR,upi,1,58,2026-08-10T08:00:00+00:00,RETRY_PAYMENT,MEDIUM,3,2,1,38.83,1,0,24,1643.7,821.85,1,23,0,,0.0
evt_syn_0211,cust_syn_0083,acc_syn_training,payment_subscription_fail,subscription.halted,SUBSCRIPTION,sub_syn_0211,subscription.halted,2750.09,INR,emandate,5,47,2026-07-25T19:00:00+00:00,SEND_PAYMENT_LINK,HIGH,9,5,4,48.74,0,0,1,4196.4,839.28,1,41,0,,0.0
evt_syn_0094,cust_syn_0078,acc_syn_training,payment_subscription_fail,payment.failed,PAYMENT,pay_syn_0094,card_expired,4762.72,INR,card,1,49,2026-08-03T17:00:00+00:00,SEND_PAYMENT_LINK,MEDIUM,6,1,5,57.24,5,2,1,3441.06,3441.06,4,9,0,,0.0
evt_syn_0085,cust_syn_0007,acc_syn_training,payment_subscription_fail,payment.failed,PAYMENT,pay_syn_0085,card_expired,1657.18,INR,card,0,55,2026-08-09T11:00:00+00:00,SEND_PAYMENT_LINK,MEDIUM,13,6,7,12.03,5,3,12,19920.18,3320.03,2,40,1,103.0,1657.18
evt_syn_0330,cust_syn_0108,acc_syn_training,checkout_abandon,checkout.abandoned,CHECKOUT_SESSION,chk_syn_0330,checkout.abandoned,2280.72,INR,upi,0,60,2026-08-13T06:00:00+00:00,SEND_PAYMENT_LINK,MEDIUM,6,5,1,7.42,4,2,3,8563.0,1712.6,3,42,0,,0.0
evt_syn_0095,cust_syn_0099,acc_syn_training,payment_subscription_fail,payment.failed,PAYMENT,pay_syn_0095,card_expired,1354.2,INR,card,0,34,2026-07-20T08:00:00+00:00,SEND_PAYMENT_LINK,MEDIUM,26,18,8,59.12,4,2,24,69707.16,3872.62,4,31,1,104.0,1354.2
evt_syn_0267,cust_syn_0086,acc_syn_training,payment_subscription_fail,invoice.expired,INVOICE,inv_syn_0267,invoice.expired,18774.39,INR,invoice,0,51,2026-08-10T15:00:00+00:00,REQUEST_PROMISE_TO_PAY,HIGH,23,16,7,42.4,0,0,3,21531.04,1345.69,2,18,1,2.0,18774.39
evt_syn_0127,cust_syn_0032,acc_syn_training,payment_subscription_fail,payment.failed,PAYMENT,pay_syn_0127,payment_risk_check_failed,80000.0,INR,upi,0,8,2026-08-30T10:00:00+00:00,SEND_EMAIL,CRITICAL,19,16,3,71.79,7,2,3,11520.0,720.0,0,39,1,51.0,80000.0
evt_syn_0010,cust_syn_0107,acc_syn_training,payment_subscription_fail,payment.failed,PAYMENT,pay_syn_0010,insufficient_funds,845.09,INR,card,0,32,2026-07-20T10:00:00+00:00,RETRY_PAYMENT,MEDIUM,26,13,13,49.84,2,1,6,32005.22,2461.94,2,26,0,,0.0
evt_syn_0362,cust_syn_0088,acc_syn_training,checkout_abandon,checkout.abandoned,CHECKOUT_SESSION,chk_syn_0362,checkout.abandoned,223.33,INR,upi,0,12,2026-08-18T06:00:00+00:00,SEND_PAYMENT_LINK,MEDIUM,27,9,18,63.77,7,4,24,12601.71,1400.19,1,29,0,,0.0
evt_syn_0057,cust_syn_0059,acc_syn_training,payment_subscription_fail,payment.failed,PAYMENT,pay_syn_0057,insufficient_funds,1359.19,INR,card,1,38,2026-07-21T04:00:00+00:00,RETRY_PAYMENT,MEDIUM,7,5,2,19.11,3,2,3,17837.35,3567.47,5,10,1,104.0,1359.19
evt_syn_0073,cust_syn_0095,acc_syn_training,payment_subscription_fail,payment.failed,PAYMENT,pay_syn_0073,card_expired,4966.64,INR,card,0,24,2026-07-13T18:00:00+00:00,SEND_PAYMENT_LINK,MEDIUM,18,15,3,35.26,1,0,24,6903.0,460.2,3,27,0,,0.0
evt_syn_0133,cust_syn_0117,acc_syn_training,payment_subscription_fail,payment.failed,PAYMENT,pay_syn_0133,payment_risk_check_failed,18705.94,INR,card,0,24,2026-08-02T18:00:00+00:00,SEND_EMAIL,CRITICAL,17,12,5,46.09,3,1,0,33240.84,2770.07,1,27,0,,0.0
evt_syn_0043,cust_syn_0104,acc_syn_training,payment_subscription_fail,payment.failed,PAYMENT,pay_syn_0043,insufficient_funds,2468.46,INR,netbanking,0,51,2026-07-24T15:00:00+00:00,RETRY_PAYMENT,MEDIUM,3,2,1,61.43,7,2,0,6819.4,3409.7,1,22,1,102.0,2468.46
evt_syn_0279,cust_syn_0015,acc_syn_training,payment_subscription_fail,invoice.expired,INVOICE,inv_syn_0279,invoice.expired,3740.81,INR,invoice,1,25,2026-07-04T17:00:00+00:00,REQUEST_PROMISE_TO_PAY,HIGH,27,17,10,53.9,7,3,24,31246.85,1838.05,0,17,0,,0.0
evt_syn_0377,cust_syn_0107,acc_syn_training,payment_subscription_fail,payment.captured,PAYMENT,pay_syn_0377,captured,1930.39,INR,card,1,18,2026-07-31T00:00:00+00:00,CLOSE_RECOVERED,MEDIUM,26,13,13,49.84,2,1,6,32005.22,2461.94,2,26,1,158.0,1930.39
evt_syn_0232,cust_syn_0060,acc_syn_training,payment_subscription_fail,subscription.halted,SUBSCRIPTION,sub_syn_0232,subscription.halted,2311.58,INR,emandate,5,38,2026-08-31T04:00:00+00:00,SEND_PAYMENT_LINK,HIGH,10,5,5,3.89,5,3,1,4447.15,889.43,1,6,1,56.0,2311.58
evt_syn_0386,cust_syn_0128,acc_syn_training,payment_subscription_fail,payment.captured,PAYMENT,pay_syn_0386,captured,351.95,INR,netbanking,1,61,2026-08-09T05:00:00+00:00,CLOSE_RECOVERED,MEDIUM,22,18,4,6.87,4,0,6,66460.5,3692.25,0,17,1,89.0,351.95
evt_syn_0078,cust_syn_0132,acc_syn_training,payment_subscription_fail,payment.failed,PAYMENT,pay_syn_0078,card_expired,4677.37,INR,card,0,36,2026-08-30T06:00:00+00:00,SEND_PAYMENT_LINK,MEDIUM,22,13,9,9.67,0,0,0,45238.18,3479.86,0,35,1,131.0,4677.37
evt_syn_0016,cust_syn_0041,acc_syn_training,payment_subscription_fail,payment.failed,PAYMENT,pay_syn_0016,insufficient_funds,1660.95,INR,upi,1,51,2026-08-10T15:00:00+00:00,RETRY_PAYMENT,MEDIUM,3,2,1,61.74,0,0,3,624.8,312.4,4,18,1,30.0,1660.95
evt_syn_0392,cust_syn_0052,acc_syn_training,payment_subscription_fail,payment.captured,PAYMENT,pay_syn_0392,captured,969.06,INR,upi,0,20,2026-07-25T22:00:00+00:00,CLOSE_RECOVERED,MEDIUM,12,9,3,63.89,4,4,1,12762.09,1418.01,5,8,1,130.0,969.06
evt_syn_0272,cust_syn_0090,acc_syn_training,payment_subscription_fail,invoice.expired,INVOICE,inv_syn_0272,invoice.expired,18202.9,INR,invoice,1,71,2026-08-22T19:00:00+00:00,REQUEST_PROMISE_TO_PAY,HIGH,20,12,8,30.29,1,0,0,44882.76,3740.23,2,14,1,146.0,18202.9
evt_syn_0001,cust_syn_0078,acc_syn_training,payment_subscription_fail,payment.failed,PAYMENT,pay_syn_0001,insufficient_funds,1305.29,INR,card,2,57,2026-07-15T09:00:00+00:00,RETRY_PAYMENT,MEDIUM,6,1,5,57.24,5,2,1,3441.06,3441.06,4,9,1,124.0,1305.29
evt_syn_0397,cust_syn_0068,acc_syn_training,payment_subscription_fail,payment.captured,PAYMENT,pay_syn_0397,captured,1517.17,INR,upi,1,51,2026-07-30T15:00:00+00:00,CLOSE_RECOVERED,MEDIUM,7,6,1,7.98,5,4,3,16033.32,2672.22,4,40,1,72.0,1517.17
evt_syn_0115,cust_syn_0028,acc_syn_training,payment_subscription_fail,payment.failed,PAYMENT,pay_syn_0115,card_expired,1390.53,INR,card,0,41,2026-08-22T01:00:00+00:00,SEND_PAYMENT_LINK,MEDIUM,26,13,13,40.89,7,4,24,12713.87,977.99,0,25,0,,0.0
evt_syn_0226,cust_syn_0005,acc_syn_training,payment_subscription_fail,subscription.halted,SUBSCRIPTION,sub_syn_0226,subscription.halted,2980.02,INR,card,5,72,2026-08-22T18:00:00+00:00,SEND_PAYMENT_LINK,HIGH,22,16,6,55.2,6,1,18,36034.56,2252.16,3,25,1,114.0,2980.02
evt_syn_0263,cust_syn_0009,acc_syn_training,payment_subscription_fail,invoice.expired,INVOICE,inv_syn_0263,invoice.expired,6035.68,INR,invoice,0,45,2026-07-20T21:00:00+00:00,REQUEST_PROMISE_TO_PAY,HIGH,13,9,4,41.91,2,1,12,9990.36,1110.04,1,24,1,124.0,6035.68
evt_syn_0105,cust_syn_0116,acc_syn_training,payment_subscription_fail,payment.failed,PAYMENT,pay_syn_0105,card_expired,662.94,INR,card,0,40,2026-07-17T02:00:00+00:00,SEND_PAYMENT_LINK,MEDIUM,22,9,13,13.94,1,0,12,38077.65,4230.85,4,4,0,,0.0
evt_syn_0396,cust_syn_0038,acc_syn_training,payment_subscription_fail,payment.captured,PAYMENT,pay_syn_0396,captured,1427.61,INR,netbanking,2,46,2026-08-28T20:00:00+00:00,CLOSE_RECOVERED,MEDIUM,14,11,3,42.56,4,2,3,12924.12,1174.92,3,14,1,162.0,1427.61
evt_syn_0194,cust_syn_0008,acc_syn_training,payment_subscription_fail,subscription.pending,SUBSCRIPTION,sub_syn_0194,subscription.pending,1500.38,INR,emandate,2,22,2026-07-12T20:00:00+00:00,RETRY_PAYMENT,MEDIUM,15,9,6,65.46,1,1,1,39042.63,4338.07,2,31,1,91.0,1500.38
evt_syn_0262,cust_syn_0036,acc_syn_training,payment_subscription_fail,invoice.expired,INVOICE,inv_syn_0262,invoice.expired,7911.65,INR,invoice,1,11,2026-07-16T07:00:00+00:00,REQUEST_PROMISE_TO_PAY,HIGH,27,17,10,33.29,1,0,24,75057.04,4415.12,3,35,1,77.0,7911.65
evt_syn_0058,cust_syn_0050,acc_syn_training,payment_subscription_fail,payment.failed,PAYMENT,pay_syn_0058,insufficient_funds,2022.74,INR,card,2,7,2026-08-12T11:00:00+00:00,RETRY_PAYMENT,MEDIUM,12,8,4,48.78,2,2,24,5715.6,714.45,4,32,1,78.0,2022.74
evt_syn_0233,cust_syn_0082,acc_syn_training,payment_subscription_fail,subscription.halted,SUBSCRIPTION,sub_syn_0233,subscription.halted,3289.42,INR,emandate,5,54,2026-07-26T12:00:00+00:00,SEND_PAYMENT_LINK,HIGH,20,11,9,47.37,3,1,1,33955.13,3086.83,4,29,1,20.0,3289.42
evt_syn_0117,cust_syn_0116,acc_syn_training,payment_subscription_fail,payment.failed,PAYMENT,pay_syn_0117,card_expired,2162.07,INR,card,1,41,2026-07-21T01:00:00+00:00,SEND_PAYMENT_LINK,MEDIUM,22,9,13,13.94,1,0,12,38077.65,4230.85,4,4,1,13.0,2162.07
evt_syn_0114,cust_syn_0127,acc_syn_training,payment_subscription_fail,payment.failed,PAYMENT,pay_syn_0114,card_expired,2313.73,INR,card,0,29,2026-07-03T13:00:00+00:00,SEND_PAYMENT_LINK,MEDIUM,25,20,5,55.97,7,2,12,41763.8,2088.19,1,27,1,57.0,2313.73
evt_syn_0343,cust_syn_0030,acc_syn_training,checkout_abandon,checkout.abandoned,CHECKOUT_SESSION,chk_syn_0343,checkout.abandoned,891.06,INR,checkout,0,71,2026-07-01T19:00:00+00:00,SEND_PAYMENT_LINK,MEDIUM,10,6,4,52.67,4,1,1,11274.66,1879.11,1,24,0,,0.0
evt_syn_0159,cust_syn_0002,acc_syn_training,payment_subscription_fail,payment.failed,PAYMENT,pay_syn_0159,payment_risk_check_failed,10683.96,INR,upi,0,37,2026-08-11T05:00:00+00:00,SEND_EMAIL,CRITICAL,18,15,3,64.36,7,4,0,65632.05,4375.47,4,35,0,,0.0
evt_syn_0142,cust_syn_0106,acc_syn_training,payment_subscription_fail,payment.failed,PAYMENT,pay_syn_0142,payment_risk_check_failed,12869.45,INR,card,0,56,2026-08-24T10:00:00+00:00,SEND_EMAIL,CRITICAL,27,17,10,43.92,7,1,24,75209.87,4424.11,5,19,0,,0.0
evt_syn_0382,cust_syn_0046,acc_syn_training,payment_subscription_fail,payment.captured,PAYMENT,pay_syn_0382,captured,669.98,INR,upi,0,20,2026-08-22T22:00:00+00:00,CLOSE_RECOVERED,MEDIUM,23,10,13,8.01,3,1,24,25085.0,2508.5,0,17,1,167.0,669.98
evt_syn_0056,cust_syn_0019,acc_syn_training,payment_subscription_fail,payment.failed,PAYMENT,pay_syn_0056,insufficient_funds,626.53,INR,card,0,50,2026-08-03T16:00:00+00:00,RETRY_PAYMENT,MEDIUM,5,2,3,8.3,5,3,18,7170.48,3585.24,0,12,1,25.0,626.53
evt_syn_0077,cust_syn_0046,acc_syn_training,payment_subscription_fail,payment.failed,PAYMENT,pay_syn_0077,card_expired,902.79,INR,card,0,21,2026-07-17T21:00:00+00:00,SEND_PAYMENT_LINK,MEDIUM,23,10,13,8.01,3,1,24,25085.0,2508.5,0,17,1,102.0,902.79
evt_syn_0026,cust_syn_0079,acc_syn_training,payment_subscription_fail,payment.failed,PAYMENT,pay_syn_0026,insufficient_funds,806.37,INR,netbanking,0,47,2026-08-05T19:00:00+00:00,RETRY_PAYMENT,MEDIUM,7,4,3,28.59,7,2,18,3589.56,897.39,3,6,1,63.0,806.37
evt_syn_0083,cust_syn_0114,acc_syn_training,payment_subscription_fail,payment.failed,PAYMENT,pay_syn_0083,card_expired,2515.97,INR,card,0,62,2026-08-05T04:00:00+00:00,SEND_PAYMENT_LINK,MEDIUM,27,17,10,65.74,0,0,0,45329.14,2666.42,1,24,1,10.0,2515.97
evt_syn_0383,cust_syn_0044,acc_syn_training,payment_subscription_fail,payment.captured,PAYMENT,pay_syn_0383,captured,358.1,INR,card,0,18,2026-07-13T00:00:00+00:00,CLOSE_RECOVERED,MEDIUM,12,9,3,35.55,7,2,0,13421.25,1491.25,5,26,1,87.0,358.1
evt_syn_0149,cust_syn_0015,acc_syn_training,payment_subscription_fail,payment.failed,PAYMENT,pay_syn_0149,payment_risk_check_failed,12563.54,INR,upi,0,14,2026-08-29T04:00:00+00:00,SEND_EMAIL,CRITICAL,27,17,10,53.9,7,3,24,31246.85,1838.05,0,17,0,,0.0
evt_syn_0182,cust_syn_0009,acc_syn_training,payment_subscription_fail,subscription.pending,SUBSCRIPTION,sub_syn_0182,subscription.pending,1276.2,INR,card,1,34,2026-08-14T08:00:00+00:00,RETRY_PAYMENT,MEDIUM,13,9,4,41.91,2,1,12,9990.36,1110.04,1,24,1,68.0,1276.2
evt_syn_0023,cust_syn_0073,acc_syn_training,payment_subscription_fail,payment.failed,PAYMENT,pay_syn_0023,insufficient_funds,2328.18,INR,netbanking,2,34,2026-07-19T08:00:00+00:00,RETRY_PAYMENT,MEDIUM,17,12,5,61.41,0,0,3,15916.08,1326.34,0,16,1,156.0,2328.18
evt_syn_0174,cust_syn_0072,acc_syn_training,payment_subscription_fail,subscription.pending,SUBSCRIPTION,sub_syn_0174,subscription.pending,1270.06,INR,emandate,2,25,2026-08-11T17:00:00+00:00,RETRY_PAYMENT,MEDIUM,14,13,1,70.74,1,0,1,57647.46,4434.42,2,42,1,11.0,1270.06
evt_syn_0047,cust_syn_0026,acc_syn_training,payment_subscription_fail,payment.failed,PAYMENT,pay_syn_0047,insufficient_funds,417.84,INR,upi,1,68,2026-07-24T22:00:00+00:00,RETRY_PAYMENT,MEDIUM,11,4,7,38.59,6,2,3,14674.68,3668.67,4,28,0,,0.0
evt_syn_0322,cust_syn_0100,acc_syn_training,checkout_abandon,checkout.abandoned,CHECKOUT_SESSION,chk_syn_0322,checkout.abandoned,1447.66,INR,upi,0,5,2026-08-06T13:00:00+00:00,SEND_PAYMENT_LINK,MEDIUM,15,10,5,35.8,3,2,24,23692.2,2369.22,1,43,1,3.0,1447.66
evt_syn_0339,cust_syn_0112,acc_syn_training,checkout_abandon,checkout.abandoned,CHECKOUT_SESSION,chk_syn_0339,checkout.abandoned,1013.26,INR,card,0,8,2026-07-23T10:00:00+00:00,SEND_PAYMENT_LINK,MEDIUM,23,21,2,35.03,7,3,18,68156.76,3245.56,2,20,1,20.0,1013.26
evt_syn_0071,cust_syn_0099,acc_syn_training,payment_subscription_fail,payment.failed,PAYMENT,pay_syn_0071,card_expired,2724.7,INR,card,0,49,2026-07-17T17:00:00+00:00,SEND_PAYMENT_LINK,MEDIUM,26,18,8,59.12,4,2,24,69707.16,3872.62,4,31,1,59.0,2724.7
evt_syn_0375,cust_syn_0101,acc_syn_training,payment_subscription_fail,payment.captured,PAYMENT,pay_syn_0375,captured,1732.92,INR,upi,2,60,2026-07-13T06:00:00+00:00,CLOSE_RECOVERED,MEDIUM,26,17,9,31.35,3,1,12,30164.12,1774.36,2,36,1,158.0,1732.92
evt_syn_0040,cust_syn_0027,acc_syn_training,payment_subscription_fail,payment.failed,PAYMENT,pay_syn_0040,insufficient_funds,2046.96,INR,upi,0,52,2026-07-09T14:00:00+00:00,RETRY_PAYMENT,MEDIUM,3,2,1,10.32,2,1,6,1218.2,609.1,5,43,0,,0.0
evt_syn_0224,cust_syn_0073,acc_syn_training,payment_subscription_fail,subscription.halted,SUBSCRIPTION,sub_syn_0224,subscription.halted,3729.03,INR,card,3,63,2026-08-22T03:00:00+00:00,SEND_PAYMENT_LINK,HIGH,17,12,5,61.41,0,0,3,15916.08,1326.34,0,16,0,,0.0
evt_syn_0173,cust_syn_0112,acc_syn_training,payment_subscription_fail,subscription.pending,SUBSCRIPTION,sub_syn_0173,subscription.pending,1698.21,INR,emandate,2,65,2026-08-09T01:00:00+00:00,RETRY_PAYMENT,MEDIUM,23,21,2,35.03,7,3,18,68156.76,3245.56,2,20,0,,0.0
evt_syn_0031,cust_syn_0132,acc_syn_training,payment_subscription_fail,payment.failed,PAYMENT,pay_syn_0031,insufficient_funds,1673.97,INR,card,1,46,2026-08-11T20:00:00+00:00,RETRY_PAYMENT,MEDIUM,22,13,9,9.67,0,0,0,45238.18,3479.86,0,35,0,,0.0
evt_syn_0153,cust_syn_0071,acc_syn_training,payment_subscription_fail,payment.failed,PAYMENT,pay_syn_0153,payment_risk_check_failed,13203.03,INR,card,0,63,2026-08-23T03:00:00+00:00,SEND_EMAIL,CRITICAL,2,1,1,3.73,7,4,3,2240.77,2240.77,1,0,0,,0.0
evt_syn_0125,cust_syn_0034,acc_syn_training,payment_subscription_fail,payment.failed,PAYMENT,pay_syn_0125,payment_risk_check_failed,80000.0,INR,card,0,58,2026-07-09T08:00:00+00:00,SEND_EMAIL,CRITICAL,19,9,10,55.71,7,2,18,37738.17,4193.13,5,31,0,,0.0
evt_syn_0295,cust_syn_0083,acc_syn_training,checkout_abandon,checkout.abandoned,CHECKOUT_SESSION,chk_syn_0295,checkout.abandoned,1488.66,INR,card,0,52,2026-08-30T14:00:00+00:00,SEND_PAYMENT_LINK,MEDIUM,9,5,4,48.74,0,0,1,4196.4,839.28,1,41,0,,0.0
evt_syn_0256,cust_syn_0073,acc_syn_training,payment_subscription_fail,invoice.expired,INVOICE,inv_syn_0256,invoice.expired,23098.55,INR,invoice,1,63,2026-08-07T03:00:00+00:00,REQUEST_PROMISE_TO_PAY,HIGH,17,12,5,61.41,0,0,3,15916.08,1326.34,0,16,0,,0.0
evt_syn_0079,cust_syn_0010,acc_syn_training,payment_subscription_fail,payment.failed,PAYMENT,pay_syn_0079,card_expired,4298.23,INR,card,1,8,2026-07-17T10:00:00+00:00,SEND_PAYMENT_LINK,MEDIUM,6,3,3,35.82,2,2,12,1280.58,426.86,1,14,1,121.0,4298.23
evt_syn_0102,cust_syn_0095,acc_syn_training,payment_subscription_fail,payment.failed,PAYMENT,pay_syn_0102,card_expired,3641.43,INR,card,0,1,2026-08-27T17:00:00+00:00,SEND_PAYMENT_LINK,MEDIUM,18,15,3,35.26,1,0,24,6903.0,460.2,3,27,1,76.0,3641.43
evt_syn_0032,cust_syn_0051,acc_syn_training,payment_subscription_fail,payment.failed,PAYMENT,pay_syn_0032,insufficient_funds,2530.94,INR,netbanking,1,17,2026-07-04T01:00:00+00:00,RETRY_PAYMENT,MEDIUM,19,8,11,2.62,6,2,1,19497.36,2437.17,4,34,1,76.0,2530.94
evt_syn_0353,cust_syn_0133,acc_syn_training,checkout_abandon,checkout.abandoned,CHECKOUT_SESSION,chk_syn_0353,checkout.abandoned,2185.7,INR,card,0,17,2026-08-06T01:00:00+00:00,SEND_PAYMENT_LINK,MEDIUM,6,2,4,36.63,7,4,1,2525.88,1262.94,3,22,0,,0.0
evt_syn_0269,cust_syn_0010,acc_syn_training,payment_subscription_fail,invoice.expired,INVOICE,inv_syn_0269,invoice.expired,2837.46,INR,invoice,2,66,2026-08-23T00:00:00+00:00,REQUEST_PROMISE_TO_PAY,HIGH,6,3,3,35.82,2,2,12,1280.58,426.86,1,14,0,,0.0
evt_syn_0395,cust_syn_0063,acc_syn_training,payment_subscription_fail,payment.captured,PAYMENT,pay_syn_0395,captured,721.56,INR,upi,0,32,2026-07-17T10:00:00+00:00,CLOSE_RECOVERED,MEDIUM,4,3,1,53.31,4,2,18,9996.09,3332.03,4,37,1,134.0,721.56
evt_syn_0074,cust_syn_0071,acc_syn_training,payment_subscription_fail,payment.failed,PAYMENT,pay_syn_0074,card_expired,1299.61,INR,card,0,44,2026-07-25T22:00:00+00:00,SEND_PAYMENT_LINK,MEDIUM,2,1,1,3.73,7,4,3,2240.77,2240.77,1,0,0,,0.0
evt_syn_0321,cust_syn_0057,acc_syn_training,checkout_abandon,checkout.abandoned,CHECKOUT_SESSION,chk_syn_0321,checkout.abandoned,1449.07,INR,checkout,0,59,2026-08-04T07:00:00+00:00,SEND_PAYMENT_LINK,MEDIUM,8,3,5,3.44,6,2,12,12987.12,4329.04,0,2,0,,0.0
evt_syn_0141,cust_syn_0078,acc_syn_training,payment_subscription_fail,payment.failed,PAYMENT,pay_syn_0141,payment_risk_check_failed,12117.64,INR,card,0,13,2026-07-25T05:00:00+00:00,SEND_EMAIL,CRITICAL,6,1,5,57.24,5,2,1,3441.06,3441.06,4,9,0,,0.0
evt_syn_0006,cust_syn_0032,acc_syn_training,payment_subscription_fail,payment.failed,PAYMENT,pay_syn_0006,insufficient_funds,2042.75,INR,netbanking,1,33,2026-08-18T09:00:00+00:00,RETRY_PAYMENT,MEDIUM,19,16,3,71.79,7,2,3,11520.0,720.0,0,39,1,155.0,2042.75
evt_syn_0046,cust_syn_0127,acc_syn_training,payment_subscription_fail,payment.failed,PAYMENT,pay_syn_0046,insufficient_funds,232.75,INR,netbanking,2,55,2026-08-17T11:00:00+00:00,RETRY_PAYMENT,MEDIUM,25,20,5,55.97,7,2,12,41763.8,2088.19,1,27,0,,0.0
evt_syn_0389,cust_syn_0104,acc_syn_training,payment_subscription_fail,payment.captured,PAYMENT,pay_syn_0389,captured,946.51,INR,upi,0,19,2026-08-27T23:00:00+00:00,CLOSE_RECOVERED,MEDIUM,3,2,1,61.43,7,2,0,6819.4,3409.7,1,22,1,54.0,946.51
evt_syn_0247,cust_syn_0078,acc_syn_training,payment_subscription_fail,subscription.halted,SUBSCRIPTION,sub_syn_0247,subscription.halted,1828.02,INR,card,3,67,2026-08-06T23:00:00+00:00,SEND_PAYMENT_LINK,HIGH,6,1,5,57.24,5,2,1,3441.06,3441.06,4,9,0,,0.0
evt_syn_0228,cust_syn_0065,acc_syn_training,payment_subscription_fail,subscription.halted,SUBSCRIPTION,sub_syn_0228,subscription.halted,1225.73,INR,card,4,67,2026-07-20T23:00:00+00:00,SEND_PAYMENT_LINK,HIGH,12,8,4,1.8,1,1,24,24563.12,3070.39,5,2,0,,0.0
evt_syn_0370,cust_syn_0025,acc_syn_training,checkout_abandon,checkout.abandoned,CHECKOUT_SESSION,chk_syn_0370,checkout.abandoned,325.93,INR,upi,0,44,2026-07-25T22:00:00+00:00,SEND_PAYMENT_LINK,MEDIUM,27,7,20,23.92,6,2,6,12683.51,1811.93,2,19,0,,0.0
evt_syn_0177,cust_syn_0086,acc_syn_training,payment_subscription_fail,subscription.pending,SUBSCRIPTION,sub_syn_0177,subscription.pending,1590.97,INR,upi,2,19,2026-08-14T23:00:00+00:00,RETRY_PAYMENT,MEDIUM,23,16,7,42.4,0,0,3,21531.04,1345.69,2,18,0,,0.0
evt_syn_0290,cust_syn_0009,acc_syn_training,payment_subscription_fail,invoice.expired,INVOICE,inv_syn_0290,invoice.expired,5936.3,INR,invoice,0,23,2026-08-23T19:00:00+00:00,REQUEST_PROMISE_TO_PAY,HIGH,13,9,4,41.91,2,1,12,9990.36,1110.04,1,24,0,,0.0
evt_syn_0004,cust_syn_0132,acc_syn_training,payment_subscription_fail,payment.failed,PAYMENT,pay_syn_0004,insufficient_funds,461.66,INR,upi,1,30,2026-08-01T12:00:00+00:00,RETRY_PAYMENT,MEDIUM,22,13,9,9.67,0,0,0,45238.18,3479.86,0,35,1,133.0,461.66
evt_syn_0019,cust_syn_0101,acc_syn_training,payment_subscription_fail,payment.failed,PAYMENT,pay_syn_0019,insufficient_funds,2127.92,INR,card,0,71,2026-07-26T19:00:00+00:00,RETRY_PAYMENT,MEDIUM,26,17,9,31.35,3,1,12,30164.12,1774.36,2,36,1,43.0,2127.92
evt_syn_0203,cust_syn_0057,acc_syn_training,payment_subscription_fail,subscription.pending,SUBSCRIPTION,sub_syn_0203,subscription.pending,1719.97,INR,upi,1,16,2026-07-04T02:00:00+00:00,RETRY_PAYMENT,MEDIUM,8,3,5,3.44,6,2,12,12987.12,4329.04,0,2,0,,0.0
evt_syn_0251,cust_syn_0019,acc_syn_training,payment_subscription_fail,invoice.expired,INVOICE,inv_syn_0251,invoice.expired,22246.02,INR,invoice,0,66,2026-08-06T00:00:00+00:00,REQUEST_PROMISE_TO_PAY,HIGH,5,2,3,8.3,5,3,18,7170.48,3585.24,0,12,1,110.0,22246.02
evt_syn_0275,cust_syn_0115,acc_syn_training,payment_subscription_fail,invoice.expired,INVOICE,inv_syn_0275,invoice.expired,4867.52,INR,invoice,1,21,2026-08-17T21:00:00+00:00,REQUEST_PROMISE_TO_PAY,HIGH,19,8,11,27.55,5,4,6,16886.64,2110.83,5,14,1,94.0,4867.52
evt_syn_0064,cust_syn_0001,acc_syn_training,payment_subscription_fail,payment.failed,PAYMENT,pay_syn_0064,insufficient_funds,2937.53,INR,netbanking,1,15,2026-08-29T03:00:00+00:00,RETRY_PAYMENT,MEDIUM,4,2,2,66.76,6,2,6,4328.28,2164.14,2,35,1,123.0,2937.53
evt_syn_0249,cust_syn_0115,acc_syn_training,payment_subscription_fail,subscription.halted,SUBSCRIPTION,sub_syn_0249,subscription.halted,840.41,INR,emandate,5,47,2026-07-10T19:00:00+00:00,SEND_PAYMENT_LINK,HIGH,19,8,11,27.55,5,4,6,16886.64,2110.83,5,14,0,,0.0
evt_syn_0302,cust_syn_0030,acc_syn_training,checkout_abandon,checkout.abandoned,CHECKOUT_SESSION,chk_syn_0302,checkout.abandoned,2364.95,INR,upi,0,5,2026-08-18T13:00:00+00:00,SEND_PAYMENT_LINK,MEDIUM,10,6,4,52.67,4,1,1,11274.66,1879.11,1,24,1,77.0,2364.95
evt_syn_0109,cust_syn_0093,acc_syn_training,payment_subscription_fail,payment.failed,PAYMENT,pay_syn_0109,card_expired,3777.17,INR,card,0,69,2026-07-17T21:00:00+00:00,SEND_PAYMENT_LINK,MEDIUM,16,10,6,6.65,5,4,24,34438.4,3443.84,0,15,1,167.0,3777.17
evt_syn_0091,cust_syn_0016,acc_syn_training,payment_subscription_fail,payment.failed,PAYMENT,pay_syn_0091,card_expired,4715.73,INR,card,0,65,2026-08-23T01:00:00+00:00,SEND_PAYMENT_LINK,MEDIUM,8,2,6,69.99,7,4,0,7107.94,3553.97,2,22,1,100.0,4715.73
evt_syn_0234,cust_syn_0122,acc_syn_training,payment_subscription_fail,subscription.halted,SUBSCRIPTION,sub_syn_0234,subscription.halted,1620.59,INR,emandate,4,72,2026-08-19T18:00:00+00:00,SEND_PAYMENT_LINK,HIGH,21,16,5,22.94,2,1,1,55121.12,3445.07,1,12,0,,0.0
evt_syn_0336,cust_syn_0067,acc_syn_training,checkout_abandon,checkout.abandoned,CHECKOUT_SESSION,chk_syn_0336,checkout.abandoned,2042.85,INR,card,0,37,2026-07-05T05:00:00+00:00,SEND_PAYMENT_LINK,MEDIUM,26,15,11,13.26,4,1,1,13272.6,884.84,5,30,1,102.0,2042.85
evt_syn_0119,cust_syn_0112,acc_syn_training,payment_subscription_fail,payment.failed,PAYMENT,pay_syn_0119,card_expired,899.18,INR,card,0,1,2026-07-19T17:00:00+00:00,SEND_PAYMENT_LINK,MEDIUM,23,21,2,35.03,7,3,18,68156.76,3245.56,2,20,0,,0.0
evt_syn_0221,cust_syn_0018,acc_syn_training,payment_subscription_fail,subscription.halted,SUBSCRIPTION,sub_syn_0221,subscription.halted,3933.47,INR,emandate,4,45,2026-07-18T21:00:00+00:00,SEND_PAYMENT_LINK,HIGH,21,12,9,2.28,7,3,1,50165.28,4180.44,3,24,0,,0.0
evt_syn_0181,cust_syn_0120,acc_syn_training,payment_subscription_fail,subscription.pending,SUBSCRIPTION,sub_syn_0181,subscription.pending,717.17,INR,card,1,28,2026-07-09T14:00:00+00:00,RETRY_PAYMENT,MEDIUM,5,4,1,54.88,0,0,24,16008.04,4002.01,1,31,0,,0.0
evt_syn_0315,cust_syn_0098,acc_syn_training,checkout_abandon,checkout.abandoned,CHECKOUT_SESSION,chk_syn_0315,checkout.abandoned,1759.7,INR,upi,0,8,2026-08-01T10:00:00+00:00,SEND_PAYMENT_LINK,MEDIUM,19,17,2,26.05,4,2,0,8243.3,484.9,2,11,1,141.0,1759.7
evt_syn_0374,cust_syn_0090,acc_syn_training,payment_subscription_fail,payment.captured,PAYMENT,pay_syn_0374,captured,989.26,INR,upi,2,53,2026-07-04T13:00:00+00:00,CLOSE_RECOVERED,MEDIUM,20,12,8,30.29,1,0,0,44882.76,3740.23,2,14,1,167.0,989.26
evt_syn_0381,cust_syn_0027,acc_syn_training,payment_subscription_fail,payment.captured,PAYMENT,pay_syn_0381,captured,351.75,INR,upi,2,37,2026-07-25T05:00:00+00:00,CLOSE_RECOVERED,MEDIUM,3,2,1,10.32,2,1,6,1218.2,609.1,5,43,1,79.0,351.75
evt_syn_0240,cust_syn_0128,acc_syn_training,payment_subscription_fail,subscription.halted,SUBSCRIPTION,sub_syn_0240,subscription.halted,842.28,INR,card,4,60,2026-08-14T06:00:00+00:00,SEND_PAYMENT_LINK,HIGH,22,18,4,6.87,4,0,6,66460.5,3692.25,0,17,0,,0.0
evt_syn_0076,cust_syn_0005,acc_syn_training,payment_subscription_fail,payment.failed,PAYMENT,pay_syn_0076,card_expired,1756.1,INR,card,0,14,2026-07-05T04:00:00+00:00,SEND_PAYMENT_LINK,MEDIUM,22,16,6,55.2,6,1,18,36034.56,2252.16,3,25,1,58.0,1756.1
evt_syn_0248,cust_syn_0026,acc_syn_training,payment_subscription_fail,subscription.halted,SUBSCRIPTION,sub_syn_0248,subscription.halted,2112.43,INR,emandate,5,57,2026-08-16T09:00:00+00:00,SEND_PAYMENT_LINK,HIGH,11,4,7,38.59,6,2,3,14674.68,3668.67,4,28,0,,0.0
evt_syn_0111,cust_syn_0044,acc_syn_training,payment_subscription_fail,payment.failed,PAYMENT,pay_syn_0111,card_expired,2846.71,INR,card,1,31,2026-07-25T11:00:00+00:00,SEND_PAYMENT_LINK,MEDIUM,12,9,3,35.55,7,2,0,13421.25,1491.25,5,26,0,,0.0
evt_syn_0017,cust_syn_0010,acc_syn_training,payment_subscription_fail,payment.failed,PAYMENT,pay_syn_0017,insufficient_funds,2429.4,INR,netbanking,0,55,2026-08-16T11:00:00+00:00,RETRY_PAYMENT,MEDIUM,6,3,3,35.82,2,2,12,1280.58,426.86,1,14,1,135.0,2429.4
evt_syn_0067,cust_syn_0038,acc_syn_training,payment_subscription_fail,payment.failed,PAYMENT,pay_syn_0067,insufficient_funds,2594.33,INR,card,2,28,2026-08-18T14:00:00+00:00,RETRY_PAYMENT,MEDIUM,14,11,3,42.56,4,2,3,12924.12,1174.92,3,14,0,,0.0
evt_syn_0154,cust_syn_0013,acc_syn_training,payment_subscription_fail,payment.failed,PAYMENT,pay_syn_0154,payment_risk_check_failed,5420.91,INR,upi,0,1,2026-08-19T17:00:00+00:00,SEND_EMAIL,CRITICAL,16,9,7,3.17,1,0,24,37287.45,4143.05,1,6,0,,0.0
evt_syn_0008,cust_syn_0112,acc_syn_training,payment_subscription_fail,payment.failed,PAYMENT,pay_syn_0008,insufficient_funds,2845.42,INR,upi,1,39,2026-08-16T03:00:00+00:00,RETRY_PAYMENT,MEDIUM,23,21,2,35.03,7,3,18,68156.76,3245.56,2,20,0,,0.0
evt_syn_0020,cust_syn_0046,acc_syn_training,payment_subscription_fail,payment.failed,PAYMENT,pay_syn_0020,insufficient_funds,1940.21,INR,netbanking,1,67,2026-08-21T23:00:00+00:00,RETRY_PAYMENT,MEDIUM,23,10,13,8.01,3,1,24,25085.0,2508.5,0,17,1,56.0,1940.21
evt_syn_0138,cust_syn_0063,acc_syn_training,payment_subscription_fail,payment.failed,PAYMENT,pay_syn_0138,payment_risk_check_failed,14247.2,INR,upi,0,23,2026-08-20T19:00:00+00:00,SEND_EMAIL,CRITICAL,4,3,1,53.31,4,2,18,9996.09,3332.03,4,37,0,,0.0
evt_syn_0356,cust_syn_0044,acc_syn_training,checkout_abandon,checkout.abandoned,CHECKOUT_SESSION,chk_syn_0356,checkout.abandoned,1575.06,INR,upi,0,41,2026-07-21T01:00:00+00:00,SEND_PAYMENT_LINK,MEDIUM,12,9,3,35.55,7,2,0,13421.25,1491.25,5,26,0,,0.0
evt_syn_0350,cust_syn_0010,acc_syn_training,checkout_abandon,checkout.abandoned,CHECKOUT_SESSION,chk_syn_0350,checkout.abandoned,1936.77,INR,card,0,43,2026-07-18T23:00:00+00:00,SEND_PAYMENT_LINK,MEDIUM,6,3,3,35.82,2,2,12,1280.58,426.86,1,14,1,68.0,1936.77
evt_syn_0132,cust_syn_0063,acc_syn_training,payment_subscription_fail,payment.failed,PAYMENT,pay_syn_0132,payment_risk_check_failed,16308.68,INR,card,0,65,2026-07-17T01:00:00+00:00,SEND_EMAIL,CRITICAL,4,3,1,53.31,4,2,18,9996.09,3332.03,4,37,0,,0.0
evt_syn_0388,cust_syn_0044,acc_syn_training,payment_subscription_fail,payment.captured,PAYMENT,pay_syn_0388,captured,240.92,INR,upi,2,11,2026-07-31T07:00:00+00:00,CLOSE_RECOVERED,MEDIUM,12,9,3,35.55,7,2,0,13421.25,1491.25,5,26,1,110.0,240.92
evt_syn_0293,cust_syn_0089,acc_syn_training,checkout_abandon,checkout.abandoned,CHECKOUT_SESSION,chk_syn_0293,checkout.abandoned,179.66,INR,upi,0,11,2026-08-21T07:00:00+00:00,SEND_PAYMENT_LINK,MEDIUM,13,6,7,7.31,0,0,0,26985.24,4497.54,3,30,1,142.0,179.66
evt_syn_0387,cust_syn_0124,acc_syn_training,payment_subscription_fail,payment.captured,PAYMENT,pay_syn_0387,captured,1927.41,INR,netbanking,1,9,2026-09-01T09:00:00+00:00,CLOSE_RECOVERED,MEDIUM,25,12,13,60.32,5,0,0,31160.28,2596.69,5,4,1,39.0,1927.41
evt_syn_0298,cust_syn_0043,acc_syn_training,checkout_abandon,checkout.abandoned,CHECKOUT_SESSION,chk_syn_0298,checkout.abandoned,2339.13,INR,upi,0,5,2026-07-16T13:00:00+00:00,SEND_PAYMENT_LINK,MEDIUM,10,6,4,32.55,0,0,12,26753.22,4458.87,0,37,0,,0.0
evt_syn_0061,cust_syn_0044,acc_syn_training,payment_subscription_fail,payment.failed,PAYMENT,pay_syn_0061,insufficient_funds,1882.84,INR,upi,0,56,2026-07-14T10:00:00+00:00,RETRY_PAYMENT,MEDIUM,12,9,3,35.55,7,2,0,13421.25,1491.25,5,26,1,85.0,1882.84
evt_syn_0080,cust_syn_0108,acc_syn_training,payment_subscription_fail,payment.failed,PAYMENT,pay_syn_0080,card_expired,1887.07,INR,card,0,67,2026-08-03T23:00:00+00:00,SEND_PAYMENT_LINK,MEDIUM,6,5,1,7.42,4,2,3,8563.0,1712.6,3,42,0,,0.0
evt_syn_0286,cust_syn_0118,acc_syn_training,payment_subscription_fail,invoice.expired,INVOICE,inv_syn_0286,invoice.expired,9620.12,INR,invoice,1,22,2026-08-03T20:00:00+00:00,REQUEST_PROMISE_TO_PAY,HIGH,3,3,0,61.72,5,3,0,8883.69,2961.23,4,28,0,,0.0
evt_syn_0306,cust_syn_0005,acc_syn_training,checkout_abandon,checkout.abandoned,CHECKOUT_SESSION,chk_syn_0306,checkout.abandoned,377.64,INR,checkout,0,14,2026-08-03T04:00:00+00:00,SEND_PAYMENT_LINK,MEDIUM,22,16,6,55.2,6,1,18,36034.56,2252.16,3,25,0,,0.0
evt_syn_0282,cust_syn_0026,acc_syn_training,payment_subscription_fail,invoice.expired,INVOICE,inv_syn_0282,invoice.expired,20484.1,INR,invoice,0,21,2026-07-24T21:00:00+00:00,REQUEST_PROMISE_TO_PAY,HIGH,11,4,7,38.59,6,2,3,14674.68,3668.67,4,28,1,59.0,20484.1
evt_syn_0158,cust_syn_0003,acc_syn_training,payment_subscription_fail,payment.failed,PAYMENT,pay_syn_0158,payment_risk_check_failed,19202.76,INR,card,0,10,2026-08-10T08:00:00+00:00,SEND_EMAIL,CRITICAL,21,13,8,16.72,1,0,12,10428.21,802.17,2,25,0,,0.0
evt_syn_0110,cust_syn_0127,acc_syn_training,payment_subscription_fail,payment.failed,PAYMENT,pay_syn_0110,card_expired,3903.26,INR,card,0,34,2026-08-26T08:00:00+00:00,SEND_PAYMENT_LINK,MEDIUM,25,20,5,55.97,7,2,12,41763.8,2088.19,1,27,0,,0.0
evt_syn_0018,cust_syn_0092,acc_syn_training,payment_subscription_fail,payment.failed,PAYMENT,pay_syn_0018,insufficient_funds,2119.94,INR,card,0,64,2026-07-16T02:00:00+00:00,RETRY_PAYMENT,MEDIUM,13,8,5,7.13,2,1,0,29852.8,3731.6,2,17,1,36.0,2119.94
evt_syn_0348,cust_syn_0112,acc_syn_training,checkout_abandon,checkout.abandoned,CHECKOUT_SESSION,chk_syn_0348,checkout.abandoned,835.26,INR,upi,0,17,2026-08-14T01:00:00+00:00,SEND_PAYMENT_LINK,MEDIUM,23,21,2,35.03,7,3,18,68156.76,3245.56,2,20,1,150.0,835.26
evt_syn_0025,cust_syn_0065,acc_syn_training,payment_subscription_fail,payment.failed,PAYMENT,pay_syn_0025,insufficient_funds,2779.72,INR,upi,1,36,2026-08-01T06:00:00+00:00,RETRY_PAYMENT,MEDIUM,12,8,4,1.8,1,1,24,24563.12,3070.39,5,2,0,,0.0
evt_syn_0176,cust_syn_0065,acc_syn_training,payment_subscription_fail,subscription.pending,SUBSCRIPTION,sub_syn_0176,subscription.pending,1027.61,INR,emandate,1,33,2026-08-09T09:00:00+00:00,RETRY_PAYMENT,MEDIUM,12,8,4,1.8,1,1,24,24563.12,3070.39,5,2,0,,0.0
evt_syn_0352,cust_syn_0060,acc_syn_training,checkout_abandon,checkout.abandoned,CHECKOUT_SESSION,chk_syn_0352,checkout.abandoned,886.37,INR,upi,0,58,2026-08-15T08:00:00+00:00,SEND_PAYMENT_LINK,MEDIUM,10,5,5,3.89,5,3,1,4447.15,889.43,1,6,1,9.0,886.37
evt_syn_0333,cust_syn_0133,acc_syn_training,checkout_abandon,checkout.abandoned,CHECKOUT_SESSION,chk_syn_0333,checkout.abandoned,2153.31,INR,checkout,0,0,2026-07-29T18:00:00+00:00,SEND_PAYMENT_LINK,MEDIUM,6,2,4,36.63,7,4,1,2525.88,1262.94,3,22,1,138.0,2153.31
evt_syn_0168,cust_syn_0011,acc_syn_training,payment_subscription_fail,subscription.pending,SUBSCRIPTION,sub_syn_0168,subscription.pending,1604.02,INR,upi,1,63,2026-08-23T03:00:00+00:00,RETRY_PAYMENT,MEDIUM,19,16,3,56.47,1,0,3,69182.08,4323.88,2,2,0,,0.0
evt_syn_0246,cust_syn_0028,acc_syn_training,payment_subscription_fail,subscription.halted,SUBSCRIPTION,sub_syn_0246,subscription.halted,3947.78,INR,card,3,51,2026-08-12T15:00:00+00:00,SEND_PAYMENT_LINK,HIGH,26,13,13,40.89,7,4,24,12713.87,977.99,0,25,1,32.0,3947.78
evt_syn_0312,cust_syn_0019,acc_syn_training,checkout_abandon,checkout.abandoned,CHECKOUT_SESSION,chk_syn_0312,checkout.abandoned,2312.73,INR,card,0,63,2026-07-28T03:00:00+00:00,SEND_PAYMENT_LINK,MEDIUM,5,2,3,8.3,5,3,18,7170.48,3585.24,0,12,1,116.0,2312.73
evt_syn_0146,cust_syn_0070,acc_syn_training,payment_subscription_fail,payment.failed,PAYMENT,pay_syn_0146,payment_risk_check_failed,7995.42,INR,card,0,27,2026-08-20T15:00:00+00:00,SEND_EMAIL,CRITICAL,17,10,7,49.45,4,2,3,9422.0,942.2,0,15,0,,0.0
evt_syn_0259,cust_syn_0102,acc_syn_training,payment_subscription_fail,invoice.expired,INVOICE,inv_syn_0259,invoice.expired,16562.22,INR,invoice,0,49,2026-08-04T17:00:00+00:00,REQUEST_PROMISE_TO_PAY,HIGH,18,11,7,25.22,2,1,3,17743.44,1613.04,0,17,0,,0.0
evt_syn_0178,cust_syn_0115,acc_syn_training,payment_subscription_fail,subscription.pending,SUBSCRIPTION,sub_syn_0178,subscription.pending,1539.0,INR,upi,2,58,2026-08-26T08:00:00+00:00,RETRY_PAYMENT,MEDIUM,19,8,11,27.55,5,4,6,16886.64,2110.83,5,14,0,,0.0
evt_syn_0120,cust_syn_0032,acc_syn_training,payment_subscription_fail,payment.failed,PAYMENT,pay_syn_0120,card_expired,2966.23,INR,card,1,31,2026-08-30T11:00:00+00:00,SEND_PAYMENT_LINK,MEDIUM,19,16,3,71.79,7,2,3,11520.0,720.0,0,39,0,,0.0
evt_syn_0195,cust_syn_0026,acc_syn_training,payment_subscription_fail,subscription.pending,SUBSCRIPTION,sub_syn_0195,subscription.pending,911.96,INR,card,2,56,2026-08-19T10:00:00+00:00,RETRY_PAYMENT,MEDIUM,11,4,7,38.59,6,2,3,14674.68,3668.67,4,28,1,130.0,911.96
evt_syn_0230,cust_syn_0027,acc_syn_training,payment_subscription_fail,subscription.halted,SUBSCRIPTION,sub_syn_0230,subscription.halted,3351.07,INR,emandate,5,12,2026-08-25T06:00:00+00:00,SEND_PAYMENT_LINK,HIGH,3,2,1,10.32,2,1,6,1218.2,609.1,5,43,0,,0.0
evt_syn_0266,cust_syn_0003,acc_syn_training,payment_subscription_fail,invoice.expired,INVOICE,inv_syn_0266,invoice.expired,5566.06,INR,invoice,0,19,2026-07-13T23:00:00+00:00,REQUEST_PROMISE_TO_PAY,HIGH,21,13,8,16.72,1,0,12,10428.21,802.17,2,25,1,69.0,5566.06
evt_syn_0219,cust_syn_0067,acc_syn_training,payment_subscription_fail,subscription.halted,SUBSCRIPTION,sub_syn_0219,subscription.halted,1065.54,INR,emandate,3,22,2026-08-12T20:00:00+00:00,SEND_PAYMENT_LINK,HIGH,26,15,11,13.26,4,1,1,13272.6,884.84,5,30,0,,0.0
evt_syn_0308,cust_syn_0043,acc_syn_training,checkout_abandon,checkout.abandoned,CHECKOUT_SESSION,chk_syn_0308,checkout.abandoned,929.91,INR,card,0,9,2026-08-14T09:00:00+00:00,SEND_PAYMENT_LINK,MEDIUM,10,6,4,32.55,0,0,12,26753.22,4458.87,0,37,0,,0.0
evt_syn_0037,cust_syn_0037,acc_syn_training,payment_subscription_fail,payment.failed,PAYMENT,pay_syn_0037,insufficient_funds,380.85,INR,card,0,4,2026-08-31T14:00:00+00:00,RETRY_PAYMENT,MEDIUM,8,4,4,29.39,5,1,3,3523.48,880.87,3,41,1,143.0,380.85
evt_syn_0140,cust_syn_0092,acc_syn_training,payment_subscription_fail,payment.failed,PAYMENT,pay_syn_0140,payment_risk_check_failed,10145.13,INR,upi,0,39,2026-08-03T03:00:00+00:00,SEND_EMAIL,CRITICAL,13,8,5,7.13,2,1,0,29852.8,3731.6,2,17,1,69.0,10145.13
evt_syn_0292,cust_syn_0074,acc_syn_training,checkout_abandon,checkout.abandoned,CHECKOUT_SESSION,chk_syn_0292,checkout.abandoned,1259.32,INR,upi,0,59,2026-07-04T07:00:00+00:00,SEND_PAYMENT_LINK,MEDIUM,17,13,4,7.68,0,0,18,52760.76,4058.52,2,11,1,19.0,1259.32
evt_syn_0156,cust_syn_0084,acc_syn_training,payment_subscription_fail,payment.failed,PAYMENT,pay_syn_0156,payment_risk_check_failed,18330.9,INR,upi,0,3,2026-07-09T15:00:00+00:00,SEND_EMAIL,CRITICAL,25,23,2,29.1,2,1,12,8020.56,348.72,4,39,0,,0.0
evt_syn_0197,cust_syn_0115,acc_syn_training,payment_subscription_fail,subscription.pending,SUBSCRIPTION,sub_syn_0197,subscription.pending,1654.78,INR,card,2,63,2026-07-27T03:00:00+00:00,RETRY_PAYMENT,MEDIUM,19,8,11,27.55,5,4,6,16886.64,2110.83,5,14,0,,0.0
evt_syn_0285,cust_syn_0088,acc_syn_training,payment_subscription_fail,invoice.expired,INVOICE,inv_syn_0285,invoice.expired,14729.7,INR,invoice,2,9,2026-08-26T09:00:00+00:00,REQUEST_PROMISE_TO_PAY,HIGH,27,9,18,63.77,7,4,24,12601.71,1400.19,1,29,0,,0.0
evt_syn_0060,cust_syn_0085,acc_syn_training,payment_subscription_fail,payment.failed,PAYMENT,pay_syn_0060,insufficient_funds,1164.53,INR,netbanking,1,7,2026-07-17T11:00:00+00:00,RETRY_PAYMENT,MEDIUM,27,13,14,66.56,4,2,3,16742.31,1287.87,5,14,1,141.0,1164.53
evt_syn_0112,cust_syn_0133,acc_syn_training,payment_subscription_fail,payment.failed,PAYMENT,pay_syn_0112,card_expired,853.34,INR,card,0,28,2026-08-23T14:00:00+00:00,SEND_PAYMENT_LINK,MEDIUM,6,2,4,36.63,7,4,1,2525.88,1262.94,3,22,1,50.0,853.34
evt_syn_0166,cust_syn_0100,acc_syn_training,payment_subscription_fail,subscription.pending,SUBSCRIPTION,sub_syn_0166,subscription.pending,506.89,INR,emandate,2,20,2026-07-12T22:00:00+00:00,RETRY_PAYMENT,MEDIUM,15,10,5,35.8,3,2,24,23692.2,2369.22,1,43,1,61.0,506.89
evt_syn_0364,cust_syn_0028,acc_syn_training,checkout_abandon,checkout.abandoned,CHECKOUT_SESSION,chk_syn_0364,checkout.abandoned,861.37,INR,card,0,64,2026-08-05T02:00:00+00:00,SEND_PAYMENT_LINK,MEDIUM,26,13,13,40.89,7,4,24,12713.87,977.99,0,25,1,114.0,861.37
evt_syn_0007,cust_syn_0043,acc_syn_training,payment_subscription_fail,payment.failed,PAYMENT,pay_syn_0007,insufficient_funds,1586.69,INR,card,1,59,2026-07-10T07:00:00+00:00,RETRY_PAYMENT,MEDIUM,10,6,4,32.55,0,0,12,26753.22,4458.87,0,37,1,127.0,1586.69
evt_syn_0334,cust_syn_0096,acc_syn_training,checkout_abandon,checkout.abandoned,CHECKOUT_SESSION,chk_syn_0334,checkout.abandoned,1918.92,INR,card,0,65,2026-08-06T01:00:00+00:00,SEND_PAYMENT_LINK,MEDIUM,8,6,2,5.22,1,1,3,18754.62,3125.77,2,0,0,,0.0
evt_syn_0276,cust_syn_0065,acc_syn_training,payment_subscription_fail,invoice.expired,INVOICE,inv_syn_0276,invoice.expired,16725.12,INR,invoice,2,42,2026-08-26T00:00:00+00:00,REQUEST_PROMISE_TO_PAY,HIGH,12,8,4,1.8,1,1,24,24563.12,3070.39,5,2,0,,0.0
evt_syn_0151,cust_syn_0109,acc_syn_training,payment_subscription_fail,payment.failed,PAYMENT,pay_syn_0151,payment_risk_check_failed,10472.4,INR,card,0,56,2026-07-04T10:00:00+00:00,SEND_EMAIL,CRITICAL,7,4,3,71.54,3,2,0,1610.28,402.57,3,21,0,,0.0
evt_syn_0011,cust_syn_0085,acc_syn_training,payment_subscription_fail,payment.failed,PAYMENT,pay_syn_0011,insufficient_funds,2282.19,INR,card,2,38,2026-08-28T04:00:00+00:00,RETRY_PAYMENT,MEDIUM,27,13,14,66.56,4,2,3,16742.31,1287.87,5,14,1,108.0,2282.19
evt_syn_0193,cust_syn_0085,acc_syn_training,payment_subscription_fail,subscription.pending,SUBSCRIPTION,sub_syn_0193,subscription.pending,1242.57,INR,emandate,1,43,2026-08-03T23:00:00+00:00,RETRY_PAYMENT,MEDIUM,27,13,14,66.56,4,2,3,16742.31,1287.87,5,14,1,135.0,1242.57
evt_syn_0104,cust_syn_0116,acc_syn_training,payment_subscription_fail,payment.failed,PAYMENT,pay_syn_0104,card_expired,3329.27,INR,card,1,44,2026-07-30T22:00:00+00:00,SEND_PAYMENT_LINK,MEDIUM,22,9,13,13.94,1,0,12,38077.65,4230.85,4,4,0,,0.0
evt_syn_0082,cust_syn_0107,acc_syn_training,payment_subscription_fail,payment.failed,PAYMENT,pay_syn_0082,card_expired,3209.85,INR,card,1,62,2026-07-03T04:00:00+00:00,SEND_PAYMENT_LINK,MEDIUM,26,13,13,49.84,2,1,6,32005.22,2461.94,2,26,1,71.0,3209.85
evt_syn_0317,cust_syn_0034,acc_syn_training,checkout_abandon,checkout.abandoned,CHECKOUT_SESSION,chk_syn_0317,checkout.abandoned,1313.34,INR,upi,0,72,2026-08-21T18:00:00+00:00,SEND_PAYMENT_LINK,MEDIUM,19,9,10,55.71,7,2,18,37738.17,4193.13,5,31,0,,0.0
evt_syn_0399,cust_syn_0059,acc_syn_training,payment_subscription_fail,payment.captured,PAYMENT,pay_syn_0399,captured,1470.24,INR,card,1,5,2026-07-10T13:00:00+00:00,CLOSE_RECOVERED,MEDIUM,7,5,2,19.11,3,2,3,17837.35,3567.47,5,10,1,114.0,1470.24
evt_syn_0376,cust_syn_0064,acc_syn_training,payment_subscription_fail,payment.captured,PAYMENT,pay_syn_0376,captured,1347.92,INR,netbanking,1,37,2026-07-19T05:00:00+00:00,CLOSE_RECOVERED,MEDIUM,10,7,3,71.51,5,3,12,2243.22,320.46,3,26,1,138.0,1347.92
evt_syn_0209,cust_syn_0115,acc_syn_training,payment_subscription_fail,subscription.pending,SUBSCRIPTION,sub_syn_0209,subscription.pending,1966.29,INR,upi,2,17,2026-08-19T01:00:00+00:00,RETRY_PAYMENT,MEDIUM,19,8,11,27.55,5,4,6,16886.64,2110.83,5,14,0,,0.0
evt_syn_0287,cust_syn_0017,acc_syn_training,payment_subscription_fail,invoice.expired,INVOICE,inv_syn_0287,invoice.expired,14495.81,INR,invoice,2,49,2026-08-28T17:00:00+00:00,REQUEST_PROMISE_TO_PAY,HIGH,13,9,4,51.65,1,0,18,9891.45,1099.05,4,3,0,,0.0
evt_syn_0169,cust_syn_0037,acc_syn_training,payment_subscription_fail,subscription.pending,SUBSCRIPTION,sub_syn_0169,subscription.pending,1851.64,INR,upi,1,6,2026-07-29T12:00:00+00:00,RETRY_PAYMENT,MEDIUM,8,4,4,29.39,5,1,3,3523.48,880.87,3,41,0,,0.0
evt_syn_0354,cust_syn_0039,acc_syn_training,checkout_abandon,checkout.abandoned,CHECKOUT_SESSION,chk_syn_0354,checkout.abandoned,411.06,INR,checkout,0,32,2026-07-06T10:00:00+00:00,SEND_PAYMENT_LINK,MEDIUM,25,11,14,39.76,0,0,0,17533.01,1593.91,4,8,1,130.0,411.06
evt_syn_0090,cust_syn_0109,acc_syn_training,payment_subscription_fail,payment.failed,PAYMENT,pay_syn_0090,card_expired,802.87,INR,card,1,37,2026-08-09T05:00:00+00:00,SEND_PAYMENT_LINK,MEDIUM,7,4,3,71.54,3,2,0,1610.28,402.57,3,21,0,,0.0
evt_syn_0378,cust_syn_0121,acc_syn_training,payment_subscription_fail,payment.captured,PAYMENT,pay_syn_0378,captured,1231.35,INR,upi,1,42,2026-08-18T00:00:00+00:00,CLOSE_RECOVERED,MEDIUM,23,16,7,56.43,1,0,3,8755.36,547.21,2,26,1,44.0,1231.35
evt_syn_0164,cust_syn_0060,acc_syn_training,payment_subscription_fail,subscription.pending,SUBSCRIPTION,sub_syn_0164,subscription.pending,468.92,INR,card,1,27,2026-08-31T15:00:00+00:00,RETRY_PAYMENT,MEDIUM,10,5,5,3.89,5,3,1,4447.15,889.43,1,6,0,,0.0
evt_syn_0148,cust_syn_0045,acc_syn_training,payment_subscription_fail,payment.failed,PAYMENT,pay_syn_0148,payment_risk_check_failed,16497.88,INR,upi,0,58,2026-07-13T08:00:00+00:00,SEND_EMAIL,CRITICAL,20,13,7,24.7,3,1,12,23505.17,1808.09,3,41,0,,0.0
evt_syn_0229,cust_syn_0060,acc_syn_training,payment_subscription_fail,subscription.halted,SUBSCRIPTION,sub_syn_0229,subscription.halted,1624.54,INR,card,5,6,2026-08-23T12:00:00+00:00,SEND_PAYMENT_LINK,HIGH,10,5,5,3.89,5,3,1,4447.15,889.43,1,6,1,166.0,1624.54
evt_syn_0093,cust_syn_0061,acc_syn_training,payment_subscription_fail,payment.failed,PAYMENT,pay_syn_0093,card_expired,4425.39,INR,card,0,35,2026-07-09T07:00:00+00:00,SEND_PAYMENT_LINK,MEDIUM,2,1,1,61.52,7,0,3,3860.1,3860.1,0,23,1,21.0,4425.39
evt_syn_0070,cust_syn_0087,acc_syn_training,payment_subscription_fail,payment.failed,PAYMENT,pay_syn_0070,insufficient_funds,2586.34,INR,upi,1,3,2026-07-09T15:00:00+00:00,RETRY_PAYMENT,MEDIUM,9,6,3,28.39,1,0,6,21245.58,3540.93,0,20,1,73.0,2586.34
evt_syn_0124,cust_syn_0070,acc_syn_training,payment_subscription_fail,payment.failed,PAYMENT,pay_syn_0124,payment_risk_check_failed,80000.0,INR,upi,0,50,2026-08-12T16:00:00+00:00,SEND_EMAIL,CRITICAL,17,10,7,49.45,4,2,3,9422.0,942.2,0,15,0,,0.0
evt_syn_0097,cust_syn_0107,acc_syn_training,payment_subscription_fail,payment.failed,PAYMENT,pay_syn_0097,card_expired,3867.32,INR,card,1,62,2026-08-11T04:00:00+00:00,SEND_PAYMENT_LINK,MEDIUM,26,13,13,49.84,2,1,6,32005.22,2461.94,2,26,1,158.0,3867.32
evt_syn_0144,cust_syn_0079,acc_syn_training,payment_subscription_fail,payment.failed,PAYMENT,pay_syn_0144,payment_risk_check_failed,5212.02,INR,upi,0,27,2026-07-27T15:00:00+00:00,SEND_EMAIL,CRITICAL,7,4,3,28.59,7,2,18,3589.56,897.39,3,6,0,,0.0
evt_syn_0327,cust_syn_0063,acc_syn_training,checkout_abandon,checkout.abandoned,CHECKOUT_SESSION,chk_syn_0327,checkout.abandoned,115.12,INR,card,0,57,2026-08-25T09:00:00+00:00,SEND_PAYMENT_LINK,MEDIUM,4,3,1,53.31,4,2,18,9996.09,3332.03,4,37,0,,0.0
evt_syn_0098,cust_syn_0049,acc_syn_training,payment_subscription_fail,payment.failed,PAYMENT,pay_syn_0098,card_expired,2916.28,INR,card,0,21,2026-07-30T21:00:00+00:00,SEND_PAYMENT_LINK,MEDIUM,23,11,12,70.42,3,1,18,48824.05,4438.55,2,10,0,,0.0
evt_syn_0239,cust_syn_0120,acc_syn_training,payment_subscription_fail,subscription.halted,SUBSCRIPTION,sub_syn_0239,subscription.halted,2469.54,INR,card,4,9,2026-08-20T09:00:00+00:00,SEND_PAYMENT_LINK,HIGH,5,4,1,54.88,0,0,24,16008.04,4002.01,1,31,0,,0.0
evt_syn_0069,cust_syn_0068,acc_syn_training,payment_subscription_fail,payment.failed,PAYMENT,pay_syn_0069,insufficient_funds,936.73,INR,upi,2,22,2026-07-19T20:00:00+00:00,RETRY_PAYMENT,MEDIUM,7,6,1,7.98,5,4,3,16033.32,2672.22,4,40,1,78.0,936.73
evt_syn_0024,cust_syn_0066,acc_syn_training,payment_subscription_fail,payment.failed,PAYMENT,pay_syn_0024,insufficient_funds,1679.24,INR,netbanking,1,43,2026-08-06T23:00:00+00:00,RETRY_PAYMENT,MEDIUM,17,12,5,70.81,1,0,6,41679.48,3473.29,0,18,1,88.0,1679.24
evt_syn_0038,cust_syn_0021,acc_syn_training,payment_subscription_fail,payment.failed,PAYMENT,pay_syn_0038,insufficient_funds,1897.39,INR,upi,0,32,2026-08-04T10:00:00+00:00,RETRY_PAYMENT,MEDIUM,8,2,6,12.34,1,0,24,1722.92,861.46,5,7,1,136.0,1897.39
evt_syn_0145,cust_syn_0079,acc_syn_training,payment_subscription_fail,payment.failed,PAYMENT,pay_syn_0145,payment_risk_check_failed,7432.24,INR,card,0,2,2026-07-20T16:00:00+00:00,SEND_EMAIL,CRITICAL,7,4,3,28.59,7,2,18,3589.56,897.39,3,6,0,,0.0
evt_syn_0123,cust_syn_0092,acc_syn_training,payment_subscription_fail,payment.failed,PAYMENT,pay_syn_0123,payment_risk_check_failed,80000.0,INR,card,0,4,2026-08-11T14:00:00+00:00,SEND_EMAIL,CRITICAL,13,8,5,7.13,2,1,0,29852.8,3731.6,2,17,0,,0.0
evt_syn_0183,cust_syn_0060,acc_syn_training,payment_subscription_fail,subscription.pending,SUBSCRIPTION,sub_syn_0183,subscription.pending,1288.4,INR,upi,1,36,2026-07-21T06:00:00+00:00,RETRY_PAYMENT,MEDIUM,10,5,5,3.89,5,3,1,4447.15,889.43,1,6,0,,0.0
evt_syn_0068,cust_syn_0095,acc_syn_training,payment_subscription_fail,payment.failed,PAYMENT,pay_syn_0068,insufficient_funds,285.99,INR,card,0,52,2026-07-21T14:00:00+00:00,RETRY_PAYMENT,MEDIUM,18,15,3,35.26,1,0,24,6903.0,460.2,3,27,1,79.0,285.99
evt_syn_0199,cust_syn_0064,acc_syn_training,payment_subscription_fail,subscription.pending,SUBSCRIPTION,sub_syn_0199,subscription.pending,1447.09,INR,emandate,1,20,2026-08-22T22:00:00+00:00,RETRY_PAYMENT,MEDIUM,10,7,3,71.51,5,3,12,2243.22,320.46,3,26,0,,0.0
evt_syn_0325,cust_syn_0093,acc_syn_training,checkout_abandon,checkout.abandoned,CHECKOUT_SESSION,chk_syn_0325,checkout.abandoned,1441.18,INR,card,0,11,2026-07-04T07:00:00+00:00,SEND_PAYMENT_LINK,MEDIUM,16,10,6,6.65,5,4,24,34438.4,3443.84,0,15,1,107.0,1441.18
evt_syn_0220,cust_syn_0068,acc_syn_training,payment_subscription_fail,subscription.halted,SUBSCRIPTION,sub_syn_0220,subscription.halted,1275.38,INR,emandate,4,1,2026-07-21T17:00:00+00:00,SEND_PAYMENT_LINK,HIGH,7,6,1,7.98,5,4,3,16033.32,2672.22,4,40,1,23.0,1275.38
evt_syn_0318,cust_syn_0068,acc_syn_training,checkout_abandon,checkout.abandoned,CHECKOUT_SESSION,chk_syn_0318,checkout.abandoned,229.52,INR,card,0,31,2026-07-25T11:00:00+00:00,SEND_PAYMENT_LINK,MEDIUM,7,6,1,7.98,5,4,3,16033.32,2672.22,4,40,1,12.0,229.52
evt_syn_0196,cust_syn_0130,acc_syn_training,payment_subscription_fail,subscription.pending,SUBSCRIPTION,sub_syn_0196,subscription.pending,682.01,INR,card,1,7,2026-08-28T11:00:00+00:00,RETRY_PAYMENT,MEDIUM,26,20,6,65.39,3,0,3,72665.2,3633.26,3,36,0,,0.0
evt_syn_0126,cust_syn_0081,acc_syn_training,payment_subscription_fail,payment.failed,PAYMENT,pay_syn_0126,payment_risk_check_failed,80000.0,INR,card,0,70,2026-07-10T20:00:00+00:00,SEND_EMAIL,CRITICAL,27,16,11,40.67,3,1,3,54218.72,3388.67,2,6,0,,0.0
evt_syn_0147,cust_syn_0050,acc_syn_training,payment_subscription_fail,payment.failed,PAYMENT,pay_syn_0147,payment_risk_check_failed,18937.73,INR,card,0,68,2026-08-23T22:00:00+00:00,SEND_EMAIL,CRITICAL,12,8,4,48.78,2,2,24,5715.6,714.45,4,32,0,,0.0
evt_syn_0372,cust_syn_0057,acc_syn_training,payment_subscription_fail,payment.captured,PAYMENT,pay_syn_0372,captured,737.94,INR,card,1,3,2026-07-19T15:00:00+00:00,CLOSE_RECOVERED,MEDIUM,8,3,5,3.44,6,2,12,12987.12,4329.04,0,2,1,149.0,737.94
evt_syn_0087,cust_syn_0105,acc_syn_training,payment_subscription_fail,payment.failed,PAYMENT,pay_syn_0087,card_expired,4853.17,INR,card,1,61,2026-07-28T05:00:00+00:00,SEND_PAYMENT_LINK,MEDIUM,7,6,1,38.86,3,2,0,21260.16,3543.36,2,10,0,,0.0
evt_syn_0337,cust_syn_0017,acc_syn_training,checkout_abandon,checkout.abandoned,CHECKOUT_SESSION,chk_syn_0337,checkout.abandoned,2430.03,INR,upi,0,72,2026-07-06T18:00:00+00:00,SEND_PAYMENT_LINK,MEDIUM,13,9,4,51.65,1,0,18,9891.45,1099.05,4,3,0,,0.0
evt_syn_0341,cust_syn_0001,acc_syn_training,checkout_abandon,checkout.abandoned,CHECKOUT_SESSION,chk_syn_0341,checkout.abandoned,1791.3,INR,card,0,11,2026-07-21T07:00:00+00:00,SEND_PAYMENT_LINK,MEDIUM,4,2,2,66.76,6,2,6,4328.28,2164.14,2,35,1,100.0,1791.3
evt_syn_0338,cust_syn_0113,acc_syn_training,checkout_abandon,checkout.abandoned,CHECKOUT_SESSION,chk_syn_0338,checkout.abandoned,1403.04,INR,card,0,12,2026-07-27T06:00:00+00:00,SEND_PAYMENT_LINK,MEDIUM,24,6,18,15.22,3,2,1,2397.0,399.5,0,12,0,,0.0
evt_syn_0355,cust_syn_0067,acc_syn_training,checkout_abandon,checkout.abandoned,CHECKOUT_SESSION,chk_syn_0355,checkout.abandoned,690.54,INR,upi,0,10,2026-08-11T08:00:00+00:00,SEND_PAYMENT_LINK,MEDIUM,26,15,11,13.26,4,1,1,13272.6,884.84,5,30,1,111.0,690.54
evt_syn_0335,cust_syn_0076,acc_syn_training,checkout_abandon,checkout.abandoned,CHECKOUT_SESSION,chk_syn_0335,checkout.abandoned,100.54,INR,card,0,2,2026-07-29T16:00:00+00:00,SEND_PAYMENT_LINK,MEDIUM,26,17,9,34.97,3,1,6,73050.02,4297.06,5,42,0,,0.0
evt_syn_0303,cust_syn_0025,acc_syn_training,checkout_abandon,checkout.abandoned,CHECKOUT_SESSION,chk_syn_0303,checkout.abandoned,1358.2,INR,upi,0,25,2026-07-08T17:00:00+00:00,SEND_PAYMENT_LINK,MEDIUM,27,7,20,23.92,6,2,6,12683.51,1811.93,2,19,0,,0.0
evt_syn_0184,cust_syn_0009,acc_syn_training,payment_subscription_fail,subscription.pending,SUBSCRIPTION,sub_syn_0184,subscription.pending,1659.98,INR,emandate,1,6,2026-07-29T12:00:00+00:00,RETRY_PAYMENT,MEDIUM,13,9,4,41.91,2,1,12,9990.36,1110.04,1,24,1,113.0,1659.98
evt_syn_0204,cust_syn_0108,acc_syn_training,payment_subscription_fail,subscription.pending,SUBSCRIPTION,sub_syn_0204,subscription.pending,1284.43,INR,upi,2,45,2026-07-16T21:00:00+00:00,RETRY_PAYMENT,MEDIUM,6,5,1,7.42,4,2,3,8563.0,1712.6,3,42,0,,0.0
evt_syn_0284,cust_syn_0003,acc_syn_training,payment_subscription_fail,invoice.expired,INVOICE,inv_syn_0284,invoice.expired,23921.54,INR,invoice,0,52,2026-08-11T14:00:00+00:00,REQUEST_PROMISE_TO_PAY,HIGH,21,13,8,16.72,1,0,12,10428.21,802.17,2,25,0,,0.0
evt_syn_0212,cust_syn_0024,acc_syn_training,payment_subscription_fail,subscription.halted,SUBSCRIPTION,sub_syn_0212,subscription.halted,2014.49,INR,emandate,5,55,2026-08-18T11:00:00+00:00,SEND_PAYMENT_LINK,HIGH,3,2,1,38.83,1,0,24,1643.7,821.85,1,23,0,,0.0
evt_syn_0283,cust_syn_0065,acc_syn_training,payment_subscription_fail,invoice.expired,INVOICE,inv_syn_0283,invoice.expired,11824.73,INR,invoice,0,8,2026-08-02T10:00:00+00:00,REQUEST_PROMISE_TO_PAY,HIGH,12,8,4,1.8,1,1,24,24563.12,3070.39,5,2,1,29.0,11824.73
evt_syn_0130,cust_syn_0041,acc_syn_training,payment_subscription_fail,payment.failed,PAYMENT,pay_syn_0130,payment_risk_check_failed,80000.0,INR,card,0,43,2026-08-07T23:00:00+00:00,SEND_EMAIL,CRITICAL,3,2,1,61.74,0,0,3,624.8,312.4,4,18,0,,0.0
evt_syn_0039,cust_syn_0119,acc_syn_training,payment_subscription_fail,payment.failed,PAYMENT,pay_syn_0039,insufficient_funds,229.85,INR,netbanking,1,13,2026-07-23T05:00:00+00:00,RETRY_PAYMENT,MEDIUM,9,7,2,53.78,2,1,6,15426.39,2203.77,1,15,1,27.0,229.85
evt_syn_0012,cust_syn_0027,acc_syn_training,payment_subscription_fail,payment.failed,PAYMENT,pay_syn_0012,insufficient_funds,2685.56,INR,card,2,59,2026-08-23T07:00:00+00:00,RETRY_PAYMENT,MEDIUM,3,2,1,10.32,2,1,6,1218.2,609.1,5,43,0,,0.0
evt_syn_0326,cust_syn_0040,acc_syn_training,checkout_abandon,checkout.abandoned,CHECKOUT_SESSION,chk_syn_0326,checkout.abandoned,2264.53,INR,upi,0,68,2026-08-14T22:00:00+00:00,SEND_PAYMENT_LINK,MEDIUM,13,8,5,60.37,4,2,24,12691.36,1586.42,2,22,0,,0.0
evt_syn_0186,cust_syn_0049,acc_syn_training,payment_subscription_fail,subscription.pending,SUBSCRIPTION,sub_syn_0186,subscription.pending,1787.76,INR,upi,1,13,2026-08-23T05:00:00+00:00,RETRY_PAYMENT,MEDIUM,23,11,12,70.42,3,1,18,48824.05,4438.55,2,10,0,,0.0
evt_syn_0223,cust_syn_0122,acc_syn_training,payment_subscription_fail,subscription.halted,SUBSCRIPTION,sub_syn_0223,subscription.halted,1021.3,INR,card,4,72,2026-08-12T18:00:00+00:00,SEND_PAYMENT_LINK,HIGH,21,16,5,22.94,2,1,1,55121.12,3445.07,1,12,0,,0.0
evt_syn_0113,cust_syn_0037,acc_syn_training,payment_subscription_fail,payment.failed,PAYMENT,pay_syn_0113,card_expired,3937.34,INR,card,0,61,2026-08-29T05:00:00+00:00,SEND_PAYMENT_LINK,MEDIUM,8,4,4,29.39,5,1,3,3523.48,880.87,3,41,0,,0.0
evt_syn_0180,cust_syn_0050,acc_syn_training,payment_subscription_fail,subscription.pending,SUBSCRIPTION,sub_syn_0180,subscription.pending,1260.29,INR,card,2,7,2026-07-22T11:00:00+00:00,RETRY_PAYMENT,MEDIUM,12,8,4,48.78,2,2,24,5715.6,714.45,4,32,0,,0.0
evt_syn_0328,cust_syn_0010,acc_syn_training,checkout_abandon,checkout.abandoned,CHECKOUT_SESSION,chk_syn_0328,checkout.abandoned,822.01,INR,upi,0,45,2026-07-13T21:00:00+00:00,SEND_PAYMENT_LINK,MEDIUM,6,3,3,35.82,2,2,12,1280.58,426.86,1,14,0,,0.0
evt_syn_0300,cust_syn_0042,acc_syn_training,checkout_abandon,checkout.abandoned,CHECKOUT_SESSION,chk_syn_0300,checkout.abandoned,128.92,INR,upi,0,10,2026-07-15T08:00:00+00:00,SEND_PAYMENT_LINK,MEDIUM,11,10,1,28.23,4,3,24,32479.8,3247.98,5,28,0,,0.0
evt_syn_0118,cust_syn_0069,acc_syn_training,payment_subscription_fail,payment.failed,PAYMENT,pay_syn_0118,card_expired,1795.27,INR,card,1,72,2026-07-09T18:00:00+00:00,SEND_PAYMENT_LINK,MEDIUM,20,7,13,23.32,6,2,12,28155.26,4022.18,2,15,1,120.0,1795.27
evt_syn_0369,cust_syn_0008,acc_syn_training,checkout_abandon,checkout.abandoned,CHECKOUT_SESSION,chk_syn_0369,checkout.abandoned,1869.86,INR,checkout,0,53,2026-08-01T13:00:00+00:00,SEND_PAYMENT_LINK,MEDIUM,15,9,6,65.46,1,1,1,39042.63,4338.07,2,31,0,,0.0
evt_syn_0278,cust_syn_0099,acc_syn_training,payment_subscription_fail,invoice.expired,INVOICE,inv_syn_0278,invoice.expired,23313.61,INR,invoice,1,17,2026-08-29T01:00:00+00:00,REQUEST_PROMISE_TO_PAY,HIGH,26,18,8,59.12,4,2,24,69707.16,3872.62,4,31,1,37.0,23313.61
evt_syn_0385,cust_syn_0109,acc_syn_training,payment_subscription_fail,payment.captured,PAYMENT,pay_syn_0385,captured,1625.37,INR,card,1,35,2026-07-14T07:00:00+00:00,CLOSE_RECOVERED,MEDIUM,7,4,3,71.54,3,2,0,1610.28,402.57,3,21,1,128.0,1625.37
evt_syn_0288,cust_syn_0037,acc_syn_training,payment_subscription_fail,invoice.expired,INVOICE,inv_syn_0288,invoice.expired,3883.72,INR,invoice,2,14,2026-08-30T04:00:00+00:00,REQUEST_PROMISE_TO_PAY,HIGH,8,4,4,29.39,5,1,3,3523.48,880.87,3,41,0,,0.0
evt_syn_0363,cust_syn_0037,acc_syn_training,checkout_abandon,checkout.abandoned,CHECKOUT_SESSION,chk_syn_0363,checkout.abandoned,2161.03,INR,upi,0,18,2026-07-09T00:00:00+00:00,SEND_PAYMENT_LINK,MEDIUM,8,4,4,29.39,5,1,3,3523.48,880.87,3,41,1,53.0,2161.03
evt_syn_0165,cust_syn_0069,acc_syn_training,payment_subscription_fail,subscription.pending,SUBSCRIPTION,sub_syn_0165,subscription.pending,1575.71,INR,upi,1,60,2026-08-15T06:00:00+00:00,RETRY_PAYMENT,MEDIUM,20,7,13,23.32,6,2,12,28155.26,4022.18,2,15,0,,0.0
evt_syn_0254,cust_syn_0012,acc_syn_training,payment_subscription_fail,invoice.expired,INVOICE,inv_syn_0254,invoice.expired,7781.54,INR,invoice,1,18,2026-07-24T00:00:00+00:00,REQUEST_PROMISE_TO_PAY,HIGH,4,3,1,59.58,4,2,3,1025.55,341.85,0,40,1,52.0,7781.54
evt_syn_0137,cust_syn_0113,acc_syn_training,payment_subscription_fail,payment.failed,PAYMENT,pay_syn_0137,payment_risk_check_failed,15388.64,INR,upi,0,46,2026-07-09T20:00:00+00:00,SEND_EMAIL,CRITICAL,24,6,18,15.22,3,2,1,2397.0,399.5,0,12,0,,0.0
evt_syn_0155,cust_syn_0073,acc_syn_training,payment_subscription_fail,payment.failed,PAYMENT,pay_syn_0155,payment_risk_check_failed,5086.49,INR,upi,0,58,2026-08-08T08:00:00+00:00,SEND_EMAIL,CRITICAL,17,12,5,61.41,0,0,3,15916.08,1326.34,0,16,0,,0.0
evt_syn_0200,cust_syn_0100,acc_syn_training,payment_subscription_fail,subscription.pending,SUBSCRIPTION,sub_syn_0200,subscription.pending,1807.62,INR,card,1,3,2026-07-24T15:00:00+00:00,RETRY_PAYMENT,MEDIUM,15,10,5,35.8,3,2,24,23692.2,2369.22,1,43,1,110.0,1807.62
evt_syn_0198,cust_syn_0055,acc_syn_training,payment_subscription_fail,subscription.pending,SUBSCRIPTION,sub_syn_0198,subscription.pending,1861.49,INR,upi,2,1,2026-08-28T17:00:00+00:00,RETRY_PAYMENT,MEDIUM,27,15,12,21.91,6,1,6,41410.05,2760.67,3,38,1,100.0,1861.49
evt_syn_0393,cust_syn_0084,acc_syn_training,payment_subscription_fail,payment.captured,PAYMENT,pay_syn_0393,captured,1168.02,INR,card,1,2,2026-08-15T16:00:00+00:00,CLOSE_RECOVERED,MEDIUM,25,23,2,29.1,2,1,12,8020.56,348.72,4,39,1,47.0,1168.02
evt_syn_0003,cust_syn_0109,acc_syn_training,payment_subscription_fail,payment.failed,PAYMENT,pay_syn_0003,insufficient_funds,2954.72,INR,card,2,48,2026-08-02T18:00:00+00:00,RETRY_PAYMENT,MEDIUM,7,4,3,71.54,3,2,0,1610.28,402.57,3,21,0,,0.0
evt_syn_0205,cust_syn_0043,acc_syn_training,payment_subscription_fail,subscription.pending,SUBSCRIPTION,sub_syn_0205,subscription.pending,1136.19,INR,emandate,2,44,2026-08-23T22:00:00+00:00,RETRY_PAYMENT,MEDIUM,10,6,4,32.55,0,0,12,26753.22,4458.87,0,37,0,,0.0
evt_syn_0116,cust_syn_0051,acc_syn_training,payment_subscription_fail,payment.failed,PAYMENT,pay_syn_0116,card_expired,4219.43,INR,card,0,10,2026-08-20T08:00:00+00:00,SEND_PAYMENT_LINK,MEDIUM,19,8,11,2.62,6,2,1,19497.36,2437.17,4,34,0,,0.0
evt_syn_0235,cust_syn_0060,acc_syn_training,payment_subscription_fail,subscription.halted,SUBSCRIPTION,sub_syn_0235,subscription.halted,2776.84,INR,card,3,9,2026-08-08T09:00:00+00:00,SEND_PAYMENT_LINK,HIGH,10,5,5,3.89,5,3,1,4447.15,889.43,1,6,0,,0.0
evt_syn_0238,cust_syn_0068,acc_syn_training,payment_subscription_fail,subscription.halted,SUBSCRIPTION,sub_syn_0238,subscription.halted,1060.18,INR,emandate,3,44,2026-08-22T22:00:00+00:00,SEND_PAYMENT_LINK,HIGH,7,6,1,7.98,5,4,3,16033.32,2672.22,4,40,0,,0.0
evt_syn_0027,cust_syn_0072,acc_syn_training,payment_subscription_fail,payment.failed,PAYMENT,pay_syn_0027,insufficient_funds,289.02,INR,card,2,7,2026-07-07T11:00:00+00:00,RETRY_PAYMENT,MEDIUM,14,13,1,70.74,1,0,1,57647.46,4434.42,2,42,1,163.0,289.02
evt_syn_0121,cust_syn_0067,acc_syn_training,payment_subscription_fail,payment.failed,PAYMENT,pay_syn_0121,payment_risk_check_failed,80000.0,INR,upi,0,41,2026-07-13T01:00:00+00:00,SEND_EMAIL,CRITICAL,26,15,11,13.26,4,1,1,13272.6,884.84,5,30,0,,0.0
evt_syn_0358,cust_syn_0037,acc_syn_training,checkout_abandon,checkout.abandoned,CHECKOUT_SESSION,chk_syn_0358,checkout.abandoned,1181.2,INR,card,0,24,2026-07-29T18:00:00+00:00,SEND_PAYMENT_LINK,MEDIUM,8,4,4,29.39,5,1,3,3523.48,880.87,3,41,0,,0.0
evt_syn_0225,cust_syn_0067,acc_syn_training,payment_subscription_fail,subscription.halted,SUBSCRIPTION,sub_syn_0225,subscription.halted,2856.3,INR,card,3,33,2026-08-16T09:00:00+00:00,SEND_PAYMENT_LINK,HIGH,26,15,11,13.26,4,1,1,13272.6,884.84,5,30,1,144.0,2856.3
evt_syn_0361,cust_syn_0029,acc_syn_training,checkout_abandon,checkout.abandoned,CHECKOUT_SESSION,chk_syn_0361,checkout.abandoned,2029.91,INR,card,0,52,2026-08-29T14:00:00+00:00,SEND_PAYMENT_LINK,MEDIUM,14,9,5,48.49,3,1,24,18261.81,2029.09,4,32,1,20.0,2029.91
evt_syn_0379,cust_syn_0097,acc_syn_training,payment_subscription_fail,payment.captured,PAYMENT,pay_syn_0379,captured,1631.43,INR,netbanking,2,32,2026-08-30T10:00:00+00:00,CLOSE_RECOVERED,MEDIUM,2,1,1,14.48,1,1,3,1164.51,1164.51,3,13,1,145.0,1631.43
evt_syn_0351,cust_syn_0120,acc_syn_training,checkout_abandon,checkout.abandoned,CHECKOUT_SESSION,chk_syn_0351,checkout.abandoned,1036.07,INR,checkout,0,58,2026-08-07T08:00:00+00:00,SEND_PAYMENT_LINK,MEDIUM,5,4,1,54.88,0,0,24,16008.04,4002.01,1,31,0,,0.0
evt_syn_0380,cust_syn_0068,acc_syn_training,payment_subscription_fail,payment.captured,PAYMENT,pay_syn_0380,captured,361.25,INR,upi,0,52,2026-07-16T14:00:00+00:00,CLOSE_RECOVERED,MEDIUM,7,6,1,7.98,5,4,3,16033.32,2672.22,4,40,1,53.0,361.25
evt_syn_0128,cust_syn_0024,acc_syn_training,payment_subscription_fail,payment.failed,PAYMENT,pay_syn_0128,payment_risk_check_failed,80000.0,INR,card,0,72,2026-08-23T18:00:00+00:00,SEND_EMAIL,CRITICAL,3,2,1,38.83,1,0,24,1643.7,821.85,1,23,0,,0.0
evt_syn_0075,cust_syn_0036,acc_syn_training,payment_subscription_fail,payment.failed,PAYMENT,pay_syn_0075,card_expired,677.02,INR,card,1,7,2026-07-14T11:00:00+00:00,SEND_PAYMENT_LINK,MEDIUM,27,17,10,33.29,1,0,24,75057.04,4415.12,3,35,0,,0.0
evt_syn_0323,cust_syn_0080,acc_syn_training,checkout_abandon,checkout.abandoned,CHECKOUT_SESSION,chk_syn_0323,checkout.abandoned,732.68,INR,card,0,64,2026-08-09T02:00:00+00:00,SEND_PAYMENT_LINK,MEDIUM,25,9,16,60.99,5,4,6,28187.1,3131.9,3,1,1,19.0,732.68
evt_syn_0030,cust_syn_0030,acc_syn_training,payment_subscription_fail,payment.failed,PAYMENT,pay_syn_0030,insufficient_funds,1002.3,INR,card,1,18,2026-07-18T00:00:00+00:00,RETRY_PAYMENT,MEDIUM,10,6,4,52.67,4,1,1,11274.66,1879.11,1,24,1,167.0,1002.3
evt_syn_0084,cust_syn_0117,acc_syn_training,payment_subscription_fail,payment.failed,PAYMENT,pay_syn_0084,card_expired,1715.53,INR,card,1,65,2026-07-17T01:00:00+00:00,SEND_PAYMENT_LINK,MEDIUM,17,12,5,46.09,3,1,0,33240.84,2770.07,1,27,1,85.0,1715.53
evt_syn_0390,cust_syn_0024,acc_syn_training,payment_subscription_fail,payment.captured,PAYMENT,pay_syn_0390,captured,235.26,INR,card,0,11,2026-07-26T07:00:00+00:00,CLOSE_RECOVERED,MEDIUM,3,2,1,38.83,1,0,24,1643.7,821.85,1,23,1,158.0,235.26
evt_syn_0108,cust_syn_0026,acc_syn_training,payment_subscription_fail,payment.failed,PAYMENT,pay_syn_0108,card_expired,3685.83,INR,card,1,44,2026-08-13T22:00:00+00:00,SEND_PAYMENT_LINK,MEDIUM,11,4,7,38.59,6,2,3,14674.68,3668.67,4,28,0,,0.0
evt_syn_0250,cust_syn_0059,acc_syn_training,payment_subscription_fail,subscription.halted,SUBSCRIPTION,sub_syn_0250,subscription.halted,1029.82,INR,emandate,4,16,2026-07-28T02:00:00+00:00,SEND_PAYMENT_LINK,HIGH,7,5,2,19.11,3,2,3,17837.35,3567.47,5,10,1,135.0,1029.82
evt_syn_0297,cust_syn_0043,acc_syn_training,checkout_abandon,checkout.abandoned,CHECKOUT_SESSION,chk_syn_0297,checkout.abandoned,713.25,INR,upi,0,15,2026-08-31T03:00:00+00:00,SEND_PAYMENT_LINK,MEDIUM,10,6,4,32.55,0,0,12,26753.22,4458.87,0,37,1,80.0,713.25
evt_syn_0134,cust_syn_0027,acc_syn_training,payment_subscription_fail,payment.failed,PAYMENT,pay_syn_0134,payment_risk_check_failed,10254.19,INR,upi,0,39,2026-07-04T03:00:00+00:00,SEND_EMAIL,CRITICAL,3,2,1,10.32,2,1,6,1218.2,609.1,5,43,0,,0.0
evt_syn_0245,cust_syn_0111,acc_syn_training,payment_subscription_fail,subscription.halted,SUBSCRIPTION,sub_syn_0245,subscription.halted,2607.46,INR,emandate,4,27,2026-08-09T15:00:00+00:00,SEND_PAYMENT_LINK,HIGH,24,12,12,51.11,4,2,12,7808.64,650.72,5,24,1,44.0,2607.46
evt_syn_0185,cust_syn_0097,acc_syn_training,payment_subscription_fail,subscription.pending,SUBSCRIPTION,sub_syn_0185,subscription.pending,704.94,INR,upi,2,35,2026-08-01T07:00:00+00:00,RETRY_PAYMENT,MEDIUM,2,1,1,14.48,1,1,3,1164.51,1164.51,3,13,1,29.0,704.94
evt_syn_0291,cust_syn_0125,acc_syn_training,checkout_abandon,checkout.abandoned,CHECKOUT_SESSION,chk_syn_0291,checkout.abandoned,1526.43,INR,card,0,70,2026-07-26T20:00:00+00:00,SEND_PAYMENT_LINK,MEDIUM,20,16,4,25.14,1,0,12,45228.32,2826.77,5,44,0,,0.0
evt_syn_0045,cust_syn_0110,acc_syn_training,payment_subscription_fail,payment.failed,PAYMENT,pay_syn_0045,insufficient_funds,2790.92,INR,upi,1,14,2026-08-14T04:00:00+00:00,RETRY_PAYMENT,MEDIUM,26,14,12,38.75,3,1,0,12767.58,911.97,0,41,1,156.0,2790.92
evt_syn_0368,cust_syn_0106,acc_syn_training,checkout_abandon,checkout.abandoned,CHECKOUT_SESSION,chk_syn_0368,checkout.abandoned,2206.96,INR,card,0,21,2026-08-15T21:00:00+00:00,SEND_PAYMENT_LINK,MEDIUM,27,17,10,43.92,7,1,24,75209.87,4424.11,5,19,0,,0.0
evt_syn_0066,cust_syn_0132,acc_syn_training,payment_subscription_fail,payment.failed,PAYMENT,pay_syn_0066,insufficient_funds,923.74,INR,card,2,11,2026-08-06T07:00:00+00:00,RETRY_PAYMENT,MEDIUM,22,13,9,9.67,0,0,0,45238.18,3479.86,0,35,0,,0.0
evt_syn_0086,cust_syn_0076,acc_syn_training,payment_subscription_fail,payment.failed,PAYMENT,pay_syn_0086,card_expired,2359.34,INR,card,0,60,2026-08-30T06:00:00+00:00,SEND_PAYMENT_LINK,MEDIUM,26,17,9,34.97,3,1,6,73050.02,4297.06,5,42,0,,0.0
evt_syn_0243,cust_syn_0085,acc_syn_training,payment_subscription_fail,subscription.halted,SUBSCRIPTION,sub_syn_0243,subscription.halted,3817.52,INR,emandate,3,6,2026-08-09T12:00:00+00:00,SEND_PAYMENT_LINK,HIGH,27,13,14,66.56,4,2,3,16742.31,1287.87,5,14,1,67.0,3817.52
evt_syn_0187,cust_syn_0102,acc_syn_training,payment_subscription_fail,subscription.pending,SUBSCRIPTION,sub_syn_0187,subscription.pending,353.65,INR,card,2,28,2026-07-22T14:00:00+00:00,RETRY_PAYMENT,MEDIUM,18,11,7,25.22,2,1,3,17743.44,1613.04,0,17,0,,0.0
evt_syn_0160,cust_syn_0034,acc_syn_training,payment_subscription_fail,payment.failed,PAYMENT,pay_syn_0160,payment_risk_check_failed,11022.35,INR,upi,0,32,2026-08-21T10:00:00+00:00,SEND_EMAIL,CRITICAL,19,9,10,55.71,7,2,18,37738.17,4193.13,5,31,0,,0.0
evt_syn_0013,cust_syn_0035,acc_syn_training,payment_subscription_fail,payment.failed,PAYMENT,pay_syn_0013,insufficient_funds,2727.1,INR,card,2,60,2026-08-20T06:00:00+00:00,RETRY_PAYMENT,MEDIUM,23,15,8,51.26,6,3,0,16056.45,1070.43,1,23,1,50.0,2727.1
evt_syn_0036,cust_syn_0101,acc_syn_training,payment_subscription_fail,payment.failed,PAYMENT,pay_syn_0036,insufficient_funds,1750.15,INR,netbanking,0,1,2026-08-17T17:00:00+00:00,RETRY_PAYMENT,MEDIUM,26,17,9,31.35,3,1,12,30164.12,1774.36,2,36,1,111.0,1750.15
evt_syn_0029,cust_syn_0034,acc_syn_training,payment_subscription_fail,payment.failed,PAYMENT,pay_syn_0029,insufficient_funds,1599.59,INR,netbanking,2,26,2026-07-03T16:00:00+00:00,RETRY_PAYMENT,MEDIUM,19,9,10,55.71,7,2,18,37738.17,4193.13,5,31,0,,0.0
evt_syn_0171,cust_syn_0018,acc_syn_training,payment_subscription_fail,subscription.pending,SUBSCRIPTION,sub_syn_0171,subscription.pending,1343.14,INR,upi,2,16,2026-08-14T02:00:00+00:00,RETRY_PAYMENT,MEDIUM,21,12,9,2.28,7,3,1,50165.28,4180.44,3,24,1,150.0,1343.14
evt_syn_0143,cust_syn_0037,acc_syn_training,payment_subscription_fail,payment.failed,PAYMENT,pay_syn_0143,payment_risk_check_failed,11019.6,INR,card,0,24,2026-08-26T18:00:00+00:00,SEND_EMAIL,CRITICAL,8,4,4,29.39,5,1,3,3523.48,880.87,3,41,0,,0.0
evt_syn_0319,cust_syn_0096,acc_syn_training,checkout_abandon,checkout.abandoned,CHECKOUT_SESSION,chk_syn_0319,checkout.abandoned,2139.68,INR,checkout,0,4,2026-08-16T14:00:00+00:00,SEND_PAYMENT_LINK,MEDIUM,8,6,2,5.22,1,1,3,18754.62,3125.77,2,0,1,112.0,2139.68
evt_syn_0273,cust_syn_0099,acc_syn_training,payment_subscription_fail,invoice.expired,INVOICE,inv_syn_0273,invoice.expired,1602.55,INR,invoice,1,55,2026-08-15T11:00:00+00:00,REQUEST_PROMISE_TO_PAY,HIGH,26,18,8,59.12,4,2,24,69707.16,3872.62,4,31,0,,0.0
evt_syn_0222,cust_syn_0049,acc_syn_training,payment_subscription_fail,subscription.halted,SUBSCRIPTION,sub_syn_0222,subscription.halted,1213.05,INR,emandate,5,9,2026-08-09T09:00:00+00:00,SEND_PAYMENT_LINK,HIGH,23,11,12,70.42,3,1,18,48824.05,4438.55,2,10,0,,0.0
evt_syn_0096,cust_syn_0009,acc_syn_training,payment_subscription_fail,payment.failed,PAYMENT,pay_syn_0096,card_expired,673.38,INR,card,0,47,2026-08-04T19:00:00+00:00,SEND_PAYMENT_LINK,MEDIUM,13,9,4,41.91,2,1,12,9990.36,1110.04,1,24,1,17.0,673.38
evt_syn_0052,cust_syn_0083,acc_syn_training,payment_subscription_fail,payment.failed,PAYMENT,pay_syn_0052,insufficient_funds,2793.68,INR,card,0,18,2026-07-31T00:00:00+00:00,RETRY_PAYMENT,MEDIUM,9,5,4,48.74,0,0,1,4196.4,839.28,1,41,0,,0.0
evt_syn_0241,cust_syn_0009,acc_syn_training,payment_subscription_fail,subscription.halted,SUBSCRIPTION,sub_syn_0241,subscription.halted,3209.46,INR,card,3,24,2026-08-27T18:00:00+00:00,SEND_PAYMENT_LINK,HIGH,13,9,4,41.91,2,1,12,9990.36,1110.04,1,24,1,128.0,3209.46
evt_syn_0299,cust_syn_0059,acc_syn_training,checkout_abandon,checkout.abandoned,CHECKOUT_SESSION,chk_syn_0299,checkout.abandoned,252.53,INR,card,0,21,2026-08-26T21:00:00+00:00,SEND_PAYMENT_LINK,MEDIUM,7,5,2,19.11,3,2,3,17837.35,3567.47,5,10,1,16.0,252.53
evt_syn_0305,cust_syn_0090,acc_syn_training,checkout_abandon,checkout.abandoned,CHECKOUT_SESSION,chk_syn_0305,checkout.abandoned,2008.26,INR,card,0,24,2026-08-08T18:00:00+00:00,SEND_PAYMENT_LINK,MEDIUM,20,12,8,30.29,1,0,0,44882.76,3740.23,2,14,0,,0.0
evt_syn_0179,cust_syn_0021,acc_syn_training,payment_subscription_fail,subscription.pending,SUBSCRIPTION,sub_syn_0179,subscription.pending,1682.66,INR,emandate,1,66,2026-07-06T00:00:00+00:00,RETRY_PAYMENT,MEDIUM,8,2,6,12.34,1,0,24,1722.92,861.46,5,7,0,,0.0
evt_syn_0042,cust_syn_0065,acc_syn_training,payment_subscription_fail,payment.failed,PAYMENT,pay_syn_0042,insufficient_funds,250.63,INR,upi,2,18,2026-07-27T00:00:00+00:00,RETRY_PAYMENT,MEDIUM,12,8,4,1.8,1,1,24,24563.12,3070.39,5,2,0,,0.0
evt_syn_0311,cust_syn_0082,acc_syn_training,checkout_abandon,checkout.abandoned,CHECKOUT_SESSION,chk_syn_0311,checkout.abandoned,2295.95,INR,checkout,0,0,2026-08-31T18:00:00+00:00,SEND_PAYMENT_LINK,MEDIUM,20,11,9,47.37,3,1,1,33955.13,3086.83,4,29,0,,0.0
evt_syn_0207,cust_syn_0113,acc_syn_training,payment_subscription_fail,subscription.pending,SUBSCRIPTION,sub_syn_0207,subscription.pending,1477.96,INR,emandate,1,2,2026-08-01T16:00:00+00:00,RETRY_PAYMENT,MEDIUM,24,6,18,15.22,3,2,1,2397.0,399.5,0,12,0,,0.0
evt_syn_0255,cust_syn_0104,acc_syn_training,payment_subscription_fail,invoice.expired,INVOICE,inv_syn_0255,invoice.expired,19382.4,INR,invoice,1,23,2026-07-18T19:00:00+00:00,REQUEST_PROMISE_TO_PAY,HIGH,3,2,1,61.43,7,2,0,6819.4,3409.7,1,22,0,,0.0
evt_syn_0332,cust_syn_0030,acc_syn_training,checkout_abandon,checkout.abandoned,CHECKOUT_SESSION,chk_syn_0332,checkout.abandoned,1889.72,INR,upi,0,49,2026-08-13T17:00:00+00:00,SEND_PAYMENT_LINK,MEDIUM,10,6,4,52.67,4,1,1,11274.66,1879.11,1,24,0,,0.0
evt_syn_0005,cust_syn_0051,acc_syn_training,payment_subscription_fail,payment.failed,PAYMENT,pay_syn_0005,insufficient_funds,2942.94,INR,upi,1,64,2026-08-18T02:00:00+00:00,RETRY_PAYMENT,MEDIUM,19,8,11,2.62,6,2,1,19497.36,2437.17,4,34,0,,0.0
evt_syn_0257,cust_syn_0129,acc_syn_training,payment_subscription_fail,invoice.expired,INVOICE,inv_syn_0257,invoice.expired,12439.25,INR,invoice,2,3,2026-07-26T15:00:00+00:00,REQUEST_PROMISE_TO_PAY,HIGH,10,5,5,29.34,5,1,0,22138.5,4427.7,2,10,0,,0.0
evt_syn_0359,cust_syn_0118,acc_syn_training,checkout_abandon,checkout.abandoned,CHECKOUT_SESSION,chk_syn_0359,checkout.abandoned,1712.85,INR,card,0,14,2026-08-26T04:00:00+00:00,SEND_PAYMENT_LINK,MEDIUM,3,3,0,61.72,5,3,0,8883.69,2961.23,4,28,1,127.0,1712.85
evt_syn_0101,cust_syn_0036,acc_syn_training,payment_subscription_fail,payment.failed,PAYMENT,pay_syn_0101,card_expired,2847.91,INR,card,1,25,2026-08-28T17:00:00+00:00,SEND_PAYMENT_LINK,MEDIUM,27,17,10,33.29,1,0,24,75057.04,4415.12,3,35,0,,0.0
evt_syn_0227,cust_syn_0008,acc_syn_training,payment_subscription_fail,subscription.halted,SUBSCRIPTION,sub_syn_0227,subscription.halted,2563.26,INR,card,3,49,2026-08-10T17:00:00+00:00,SEND_PAYMENT_LINK,HIGH,15,9,6,65.46,1,1,1,39042.63,4338.07,2,31,0,,0.0
evt_syn_0342,cust_syn_0021,acc_syn_training,checkout_abandon,checkout.abandoned,CHECKOUT_SESSION,chk_syn_0342,checkout.abandoned,827.6,INR,upi,0,39,2026-07-09T03:00:00+00:00,SEND_PAYMENT_LINK,MEDIUM,8,2,6,12.34,1,0,24,1722.92,861.46,5,7,0,,0.0
evt_syn_0214,cust_syn_0034,acc_syn_training,payment_subscription_fail,subscription.halted,SUBSCRIPTION,sub_syn_0214,subscription.halted,3351.66,INR,emandate,4,19,2026-07-06T23:00:00+00:00,SEND_PAYMENT_LINK,HIGH,19,9,10,55.71,7,2,18,37738.17,4193.13,5,31,0,,0.0
evt_syn_0172,cust_syn_0102,acc_syn_training,payment_subscription_fail,subscription.pending,SUBSCRIPTION,sub_syn_0172,subscription.pending,1136.82,INR,card,1,56,2026-08-13T10:00:00+00:00,RETRY_PAYMENT,MEDIUM,18,11,7,25.22,2,1,3,17743.44,1613.04,0,17,1,34.0,1136.82
evt_syn_0099,cust_syn_0034,acc_syn_training,payment_subscription_fail,payment.failed,PAYMENT,pay_syn_0099,card_expired,2235.65,INR,card,0,14,2026-08-13T04:00:00+00:00,SEND_PAYMENT_LINK,MEDIUM,19,9,10,55.71,7,2,18,37738.17,4193.13,5,31,0,,0.0
evt_syn_0216,cust_syn_0026,acc_syn_training,payment_subscription_fail,subscription.halted,SUBSCRIPTION,sub_syn_0216,subscription.halted,863.88,INR,card,3,61,2026-08-06T05:00:00+00:00,SEND_PAYMENT_LINK,HIGH,11,4,7,38.59,6,2,3,14674.68,3668.67,4,28,1,110.0,863.88
evt_syn_0062,cust_syn_0036,acc_syn_training,payment_subscription_fail,payment.failed,PAYMENT,pay_syn_0062,insufficient_funds,2945.81,INR,card,2,70,2026-07-28T20:00:00+00:00,RETRY_PAYMENT,MEDIUM,27,17,10,33.29,1,0,24,75057.04,4415.12,3,35,1,91.0,2945.81
evt_syn_0048,cust_syn_0056,acc_syn_training,payment_subscription_fail,payment.failed,PAYMENT,pay_syn_0048,insufficient_funds,1800.16,INR,card,1,11,2026-07-21T07:00:00+00:00,RETRY_PAYMENT,MEDIUM,8,3,5,58.75,2,1,18,9351.12,3117.04,4,40,1,123.0,1800.16
evt_syn_0033,cust_syn_0123,acc_syn_training,payment_subscription_fail,payment.failed,PAYMENT,pay_syn_0033,insufficient_funds,2434.66,INR,upi,2,46,2026-07-29T20:00:00+00:00,RETRY_PAYMENT,MEDIUM,11,10,1,44.37,1,0,6,39354.8,3935.48,5,19,1,15.0,2434.66
evt_syn_0268,cust_syn_0022,acc_syn_training,payment_subscription_fail,invoice.expired,INVOICE,inv_syn_0268,invoice.expired,9815.68,INR,invoice,1,35,2026-08-12T07:00:00+00:00,REQUEST_PROMISE_TO_PAY,HIGH,9,6,3,36.57,1,0,0,9608.76,1601.46,4,39,1,9.0,9815.68
evt_syn_0201,cust_syn_0065,acc_syn_training,payment_subscription_fail,subscription.pending,SUBSCRIPTION,sub_syn_0201,subscription.pending,740.56,INR,emandate,2,9,2026-08-27T09:00:00+00:00,RETRY_PAYMENT,MEDIUM,12,8,4,1.8,1,1,24,24563.12,3070.39,5,2,1,108.0,740.56
evt_syn_0357,cust_syn_0049,acc_syn_training,checkout_abandon,checkout.abandoned,CHECKOUT_SESSION,chk_syn_0357,checkout.abandoned,482.37,INR,checkout,0,36,2026-07-25T06:00:00+00:00,SEND_PAYMENT_LINK,MEDIUM,23,11,12,70.42,3,1,18,48824.05,4438.55,2,10,0,,0.0
evt_syn_0028,cust_syn_0054,acc_syn_training,payment_subscription_fail,payment.failed,PAYMENT,pay_syn_0028,insufficient_funds,1112.47,INR,card,1,21,2026-07-17T21:00:00+00:00,RETRY_PAYMENT,MEDIUM,12,7,5,30.56,0,0,0,11962.93,1708.99,5,43,1,27.0,1112.47
evt_syn_0313,cust_syn_0074,acc_syn_training,checkout_abandon,checkout.abandoned,CHECKOUT_SESSION,chk_syn_0313,checkout.abandoned,2365.87,INR,card,0,64,2026-08-22T02:00:00+00:00,SEND_PAYMENT_LINK,MEDIUM,17,13,4,7.68,0,0,18,52760.76,4058.52,2,11,1,68.0,2365.87
evt_syn_0231,cust_syn_0067,acc_syn_training,payment_subscription_fail,subscription.halted,SUBSCRIPTION,sub_syn_0231,subscription.halted,3850.93,INR,emandate,5,6,2026-07-17T12:00:00+00:00,SEND_PAYMENT_LINK,HIGH,26,15,11,13.26,4,1,1,13272.6,884.84,5,30,1,33.0,3850.93
evt_syn_0261,cust_syn_0088,acc_syn_training,payment_subscription_fail,invoice.expired,INVOICE,inv_syn_0261,invoice.expired,12105.52,INR,invoice,1,46,2026-07-13T20:00:00+00:00,REQUEST_PROMISE_TO_PAY,HIGH,27,9,18,63.77,7,4,24,12601.71,1400.19,1,29,0,,0.0
evt_syn_0289,cust_syn_0001,acc_syn_training,payment_subscription_fail,invoice.expired,INVOICE,inv_syn_0289,invoice.expired,17858.73,INR,invoice,0,61,2026-08-10T05:00:00+00:00,REQUEST_PROMISE_TO_PAY,HIGH,4,2,2,66.76,6,2,6,4328.28,2164.14,2,35,0,,0.0
evt_syn_0163,cust_syn_0076,acc_syn_training,payment_subscription_fail,subscription.pending,SUBSCRIPTION,sub_syn_0163,subscription.pending,1452.13,INR,card,1,54,2026-08-11T12:00:00+00:00,RETRY_PAYMENT,MEDIUM,26,17,9,34.97,3,1,6,73050.02,4297.06,5,42,0,,0.0
evt_syn_0371,cust_syn_0051,acc_syn_training,payment_subscription_fail,payment.captured,PAYMENT,pay_syn_0371,captured,269.04,INR,netbanking,0,43,2026-08-16T23:00:00+00:00,CLOSE_RECOVERED,MEDIUM,19,8,11,2.62,6,2,1,19497.36,2437.17,4,34,1,127.0,269.04
evt_syn_0139,cust_syn_0055,acc_syn_training,payment_subscription_fail,payment.failed,PAYMENT,pay_syn_0139,payment_risk_check_failed,15365.3,INR,card,0,31,2026-08-31T11:00:00+00:00,SEND_EMAIL,CRITICAL,27,15,12,21.91,6,1,6,41410.05,2760.67,3,38,0,,0.0
evt_syn_0063,cust_syn_0106,acc_syn_training,payment_subscription_fail,payment.failed,PAYMENT,pay_syn_0063,insufficient_funds,2964.41,INR,card,1,7,2026-07-13T11:00:00+00:00,RETRY_PAYMENT,MEDIUM,27,17,10,43.92,7,1,24,75209.87,4424.11,5,19,1,87.0,2964.41
evt_syn_0136,cust_syn_0112,acc_syn_training,payment_subscription_fail,payment.failed,PAYMENT,pay_syn_0136,payment_risk_check_failed,18104.28,INR,upi,0,7,2026-08-29T11:00:00+00:00,SEND_EMAIL,CRITICAL,23,21,2,35.03,7,3,18,68156.76,3245.56,2,20,0,,0.0
evt_syn_0129,cust_syn_0113,acc_syn_training,payment_subscription_fail,payment.failed,PAYMENT,pay_syn_0129,payment_risk_check_failed,80000.0,INR,card,0,43,2026-07-28T23:00:00+00:00,SEND_EMAIL,CRITICAL,24,6,18,15.22,3,2,1,2397.0,399.5,0,12,0,,0.0
evt_syn_0009,cust_syn_0116,acc_syn_training,payment_subscription_fail,payment.failed,PAYMENT,pay_syn_0009,insufficient_funds,2287.99,INR,netbanking,2,64,2026-08-06T02:00:00+00:00,RETRY_PAYMENT,MEDIUM,22,9,13,13.94,1,0,12,38077.65,4230.85,4,4,0,,0.0
evt_syn_0065,cust_syn_0132,acc_syn_training,payment_subscription_fail,payment.failed,PAYMENT,pay_syn_0065,insufficient_funds,1610.38,INR,upi,0,0,2026-07-08T18:00:00+00:00,RETRY_PAYMENT,MEDIUM,22,13,9,9.67,0,0,0,45238.18,3479.86,0,35,1,123.0,1610.38
evt_syn_0301,cust_syn_0081,acc_syn_training,checkout_abandon,checkout.abandoned,CHECKOUT_SESSION,chk_syn_0301,checkout.abandoned,2131.5,INR,upi,0,64,2026-07-31T02:00:00+00:00,SEND_PAYMENT_LINK,MEDIUM,27,16,11,40.67,3,1,3,54218.72,3388.67,2,6,0,,0.0
evt_syn_0015,cust_syn_0018,acc_syn_training,payment_subscription_fail,payment.failed,PAYMENT,pay_syn_0015,insufficient_funds,2515.31,INR,netbanking,2,42,2026-08-07T00:00:00+00:00,RETRY_PAYMENT,MEDIUM,21,12,9,2.28,7,3,1,50165.28,4180.44,3,24,0,,0.0
evt_syn_0157,cust_syn_0111,acc_syn_training,payment_subscription_fail,payment.failed,PAYMENT,pay_syn_0157,payment_risk_check_failed,12993.43,INR,upi,0,37,2026-07-21T05:00:00+00:00,SEND_EMAIL,CRITICAL,24,12,12,51.11,4,2,12,7808.64,650.72,5,24,0,,0.0
evt_syn_0041,cust_syn_0075,acc_syn_training,payment_subscription_fail,payment.failed,PAYMENT,pay_syn_0041,insufficient_funds,1535.25,INR,upi,0,53,2026-08-28T13:00:00+00:00,RETRY_PAYMENT,MEDIUM,6,3,3,12.03,6,2,1,3917.19,1305.73,1,1,1,19.0,1535.25
evt_syn_0367,cust_syn_0077,acc_syn_training,checkout_abandon,checkout.abandoned,CHECKOUT_SESSION,chk_syn_0367,checkout.abandoned,962.84,INR,card,0,2,2026-08-12T16:00:00+00:00,SEND_PAYMENT_LINK,MEDIUM,5,4,1,38.53,1,0,24,8905.24,2226.31,2,29,0,,0.0
evt_syn_0324,cust_syn_0020,acc_syn_training,checkout_abandon,checkout.abandoned,CHECKOUT_SESSION,chk_syn_0324,checkout.abandoned,1728.78,INR,checkout,0,24,2026-07-06T18:00:00+00:00,SEND_PAYMENT_LINK,MEDIUM,23,13,10,32.95,7,5,18,51178.92,3936.84,3,11,1,139.0,1728.78
evt_syn_0217,cust_syn_0038,acc_syn_training,payment_subscription_fail,subscription.halted,SUBSCRIPTION,sub_syn_0217,subscription.halted,625.78,INR,emandate,5,1,2026-08-31T17:00:00+00:00,SEND_PAYMENT_LINK,HIGH,14,11,3,42.56,4,2,3,12924.12,1174.92,3,14,0,,0.0
evt_syn_0280,cust_syn_0079,acc_syn_training,payment_subscription_fail,invoice.expired,INVOICE,inv_syn_0280,invoice.expired,4941.25,INR,invoice,2,54,2026-07-12T12:00:00+00:00,REQUEST_PROMISE_TO_PAY,HIGH,7,4,3,28.59,7,2,18,3589.56,897.39,3,6,1,48.0,4941.25
evt_syn_0347,cust_syn_0025,acc_syn_training,checkout_abandon,checkout.abandoned,CHECKOUT_SESSION,chk_syn_0347,checkout.abandoned,2435.04,INR,upi,0,1,2026-08-04T17:00:00+00:00,SEND_PAYMENT_LINK,MEDIUM,27,7,20,23.92,6,2,6,12683.51,1811.93,2,19,0,,0.0
evt_syn_0237,cust_syn_0034,acc_syn_training,payment_subscription_fail,subscription.halted,SUBSCRIPTION,sub_syn_0237,subscription.halted,847.28,INR,card,5,44,2026-08-01T22:00:00+00:00,SEND_PAYMENT_LINK,HIGH,19,9,10,55.71,7,2,18,37738.17,4193.13,5,31,1,12.0,847.28
evt_syn_0208,cust_syn_0096,acc_syn_training,payment_subscription_fail,subscription.pending,SUBSCRIPTION,sub_syn_0208,subscription.pending,1037.83,INR,emandate,2,49,2026-07-21T17:00:00+00:00,RETRY_PAYMENT,MEDIUM,8,6,2,5.22,1,1,3,18754.62,3125.77,2,0,1,103.0,1037.83
evt_syn_0213,cust_syn_0072,acc_syn_training,payment_subscription_fail,subscription.halted,SUBSCRIPTION,sub_syn_0213,subscription.halted,1312.94,INR,emandate,4,4,2026-07-26T14:00:00+00:00,SEND_PAYMENT_LINK,HIGH,14,13,1,70.74,1,0,1,57647.46,4434.42,2,42,0,,0.0
evt_syn_0296,cust_syn_0050,acc_syn_training,checkout_abandon,checkout.abandoned,CHECKOUT_SESSION,chk_syn_0296,checkout.abandoned,1291.75,INR,upi,0,55,2026-08-22T11:00:00+00:00,SEND_PAYMENT_LINK,MEDIUM,12,8,4,48.78,2,2,24,5715.6,714.45,4,32,1,159.0,1291.75
evt_syn_0365,cust_syn_0072,acc_syn_training,checkout_abandon,checkout.abandoned,CHECKOUT_SESSION,chk_syn_0365,checkout.abandoned,609.42,INR,card,0,4,2026-08-18T14:00:00+00:00,SEND_PAYMENT_LINK,MEDIUM,14,13,1,70.74,1,0,1,57647.46,4434.42,2,42,0,,0.0
evt_syn_0252,cust_syn_0025,acc_syn_training,payment_subscription_fail,invoice.expired,INVOICE,inv_syn_0252,invoice.expired,18693.23,INR,invoice,0,32,2026-08-27T10:00:00+00:00,REQUEST_PROMISE_TO_PAY,HIGH,27,7,20,23.92,6,2,6,12683.51,1811.93,2,19,0,,0.0
evt_syn_0391,cust_syn_0107,acc_syn_training,payment_subscription_fail,payment.captured,PAYMENT,pay_syn_0391,captured,1220.96,INR,card,2,10,2026-07-20T08:00:00+00:00,CLOSE_RECOVERED,MEDIUM,26,13,13,49.84,2,1,6,32005.22,2461.94,2,26,1,73.0,1220.96
evt_syn_0366,cust_syn_0053,acc_syn_training,checkout_abandon,checkout.abandoned,CHECKOUT_SESSION,chk_syn_0366,checkout.abandoned,1106.55,INR,checkout,0,17,2026-07-05T01:00:00+00:00,SEND_PAYMENT_LINK,MEDIUM,19,11,8,43.06,0,0,18,49386.92,4489.72,4,2,1,65.0,1106.55
evt_syn_0304,cust_syn_0025,acc_syn_training,checkout_abandon,checkout.abandoned,CHECKOUT_SESSION,chk_syn_0304,checkout.abandoned,2071.26,INR,upi,0,24,2026-07-21T18:00:00+00:00,SEND_PAYMENT_LINK,MEDIUM,27,7,20,23.92,6,2,6,12683.51,1811.93,2,19,1,86.0,2071.26
evt_syn_0270,cust_syn_0129,acc_syn_training,payment_subscription_fail,invoice.expired,INVOICE,inv_syn_0270,invoice.expired,4850.43,INR,invoice,0,52,2026-08-17T14:00:00+00:00,REQUEST_PROMISE_TO_PAY,HIGH,10,5,5,29.34,5,1,0,22138.5,4427.7,2,10,0,,0.0
evt_syn_0202,cust_syn_0045,acc_syn_training,payment_subscription_fail,subscription.pending,SUBSCRIPTION,sub_syn_0202,subscription.pending,667.28,INR,upi,2,50,2026-07-27T16:00:00+00:00,RETRY_PAYMENT,MEDIUM,20,13,7,24.7,3,1,12,23505.17,1808.09,3,41,0,,0.0
evt_syn_0162,cust_syn_0036,acc_syn_training,payment_subscription_fail,subscription.pending,SUBSCRIPTION,sub_syn_0162,subscription.pending,1476.71,INR,upi,2,1,2026-07-11T17:00:00+00:00,RETRY_PAYMENT,MEDIUM,27,17,10,33.29,1,0,24,75057.04,4415.12,3,35,1,7.0,1476.71
evt_syn_0044,cust_syn_0033,acc_syn_training,payment_subscription_fail,payment.failed,PAYMENT,pay_syn_0044,insufficient_funds,318.15,INR,card,2,16,2026-08-28T02:00:00+00:00,RETRY_PAYMENT,MEDIUM,19,13,6,65.61,2,1,18,46166.38,3551.26,1,13,1,31.0,318.15
evt_syn_0218,cust_syn_0030,acc_syn_training,payment_subscription_fail,subscription.halted,SUBSCRIPTION,sub_syn_0218,subscription.halted,913.7,INR,card,5,15,2026-08-13T03:00:00+00:00,SEND_PAYMENT_LINK,HIGH,10,6,4,52.67,4,1,1,11274.66,1879.11,1,24,0,,0.0
evt_syn_0191,cust_syn_0069,acc_syn_training,payment_subscription_fail,subscription.pending,SUBSCRIPTION,sub_syn_0191,subscription.pending,1169.89,INR,emandate,2,58,2026-08-05T08:00:00+00:00,RETRY_PAYMENT,MEDIUM,20,7,13,23.32,6,2,12,28155.26,4022.18,2,15,0,,0.0
evt_syn_0310,cust_syn_0071,acc_syn_training,checkout_abandon,checkout.abandoned,CHECKOUT_SESSION,chk_syn_0310,checkout.abandoned,2151.39,INR,upi,0,2,2026-07-20T16:00:00+00:00,SEND_PAYMENT_LINK,MEDIUM,2,1,1,3.73,7,4,3,2240.77,2240.77,1,0,0,,0.0
evt_syn_0260,cust_syn_0025,acc_syn_training,payment_subscription_fail,invoice.expired,INVOICE,inv_syn_0260,invoice.expired,23536.08,INR,invoice,0,22,2026-07-27T20:00:00+00:00,REQUEST_PROMISE_TO_PAY,HIGH,27,7,20,23.92,6,2,6,12683.51,1811.93,2,19,0,,0.0
evt_syn_0106,cust_syn_0087,acc_syn_training,payment_subscription_fail,payment.failed,PAYMENT,pay_syn_0106,card_expired,2390.0,INR,card,0,13,2026-08-14T05:00:00+00:00,SEND_PAYMENT_LINK,MEDIUM,9,6,3,28.39,1,0,6,21245.58,3540.93,0,20,0,,0.0
evt_syn_0054,cust_syn_0019,acc_syn_training,payment_subscription_fail,payment.failed,PAYMENT,pay_syn_0054,insufficient_funds,1137.13,INR,upi,0,23,2026-07-12T19:00:00+00:00,RETRY_PAYMENT,MEDIUM,5,2,3,8.3,5,3,18,7170.48,3585.24,0,12,1,7.0,1137.13
evt_syn_0002,cust_syn_0091,acc_syn_training,payment_subscription_fail,payment.failed,PAYMENT,pay_syn_0002,insufficient_funds,1663.65,INR,netbanking,2,13,2026-09-01T05:00:00+00:00,RETRY_PAYMENT,MEDIUM,8,5,3,0.54,5,2,6,2684.75,536.95,0,3,0,,0.0
evt_syn_0050,cust_syn_0004,acc_syn_training,payment_subscription_fail,payment.failed,PAYMENT,pay_syn_0050,insufficient_funds,688.46,INR,netbanking,1,43,2026-07-05T23:00:00+00:00,RETRY_PAYMENT,MEDIUM,19,16,3,14.79,6,3,18,13503.2,843.95,4,0,1,89.0,688.46
evt_syn_0081,cust_syn_0103,acc_syn_training,payment_subscription_fail,payment.failed,PAYMENT,pay_syn_0081,card_expired,918.72,INR,card,0,47,2026-07-17T19:00:00+00:00,SEND_PAYMENT_LINK,MEDIUM,15,9,6,48.33,0,0,0,37727.1,4191.9,3,44,0,,0.0
evt_syn_0206,cust_syn_0030,acc_syn_training,payment_subscription_fail,subscription.pending,SUBSCRIPTION,sub_syn_0206,subscription.pending,857.93,INR,emandate,2,53,2026-08-29T13:00:00+00:00,RETRY_PAYMENT,MEDIUM,10,6,4,52.67,4,1,1,11274.66,1879.11,1,24,1,9.0,857.93
evt_syn_0035,cust_syn_0044,acc_syn_training,payment_subscription_fail,payment.failed,PAYMENT,pay_syn_0035,insufficient_funds,555.23,INR,card,1,13,2026-08-29T05:00:00+00:00,RETRY_PAYMENT,MEDIUM,12,9,3,35.55,7,2,0,13421.25,1491.25,5,26,1,40.0,555.23
evt_syn_0264,cust_syn_0126,acc_syn_training,payment_subscription_fail,invoice.expired,INVOICE,inv_syn_0264,invoice.expired,11529.7,INR,invoice,0,65,2026-08-14T01:00:00+00:00,REQUEST_PROMISE_TO_PAY,HIGH,16,14,2,58.56,5,2,24,13939.94,995.71,5,11,1,122.0,11529.7
evt_syn_0092,cust_syn_0045,acc_syn_training,payment_subscription_fail,payment.failed,PAYMENT,pay_syn_0092,card_expired,2490.95,INR,card,1,52,2026-07-02T14:00:00+00:00,SEND_PAYMENT_LINK,MEDIUM,20,13,7,24.7,3,1,12,23505.17,1808.09,3,41,1,129.0,2490.95
evt_syn_0340,cust_syn_0021,acc_syn_training,checkout_abandon,checkout.abandoned,CHECKOUT_SESSION,chk_syn_0340,checkout.abandoned,2109.28,INR,upi,0,71,2026-08-29T19:00:00+00:00,SEND_PAYMENT_LINK,MEDIUM,8,2,6,12.34,1,0,24,1722.92,861.46,5,7,1,6.0,2109.28
evt_syn_0053,cust_syn_0060,acc_syn_training,payment_subscription_fail,payment.failed,PAYMENT,pay_syn_0053,insufficient_funds,2086.75,INR,netbanking,0,30,2026-08-03T12:00:00+00:00,RETRY_PAYMENT,MEDIUM,10,5,5,3.89,5,3,1,4447.15,889.43,1,6,1,127.0,2086.75
evt_syn_0346,cust_syn_0083,acc_syn_training,checkout_abandon,checkout.abandoned,CHECKOUT_SESSION,chk_syn_0346,checkout.abandoned,1333.37,INR,card,0,5,2026-07-09T13:00:00+00:00,SEND_PAYMENT_LINK,MEDIUM,9,5,4,48.74,0,0,1,4196.4,839.28,1,41,0,,0.0
evt_syn_0265,cust_syn_0068,acc_syn_training,payment_subscription_fail,invoice.expired,INVOICE,inv_syn_0265,invoice.expired,21311.87,INR,invoice,2,2,2026-08-10T16:00:00+00:00,REQUEST_PROMISE_TO_PAY,HIGH,7,6,1,7.98,5,4,3,16033.32,2672.22,4,40,0,,0.0
evt_syn_0242,cust_syn_0032,acc_syn_training,payment_subscription_fail,subscription.halted,SUBSCRIPTION,sub_syn_0242,subscription.halted,3611.56,INR,card,3,38,2026-08-15T04:00:00+00:00,SEND_PAYMENT_LINK,HIGH,19,16,3,71.79,7,2,3,11520.0,720.0,0,39,0,,0.0
evt_syn_0014,cust_syn_0018,acc_syn_training,payment_subscription_fail,payment.failed,PAYMENT,pay_syn_0014,insufficient_funds,535.31,INR,card,0,6,2026-08-28T12:00:00+00:00,RETRY_PAYMENT,MEDIUM,21,12,9,2.28,7,3,1,50165.28,4180.44,3,24,0,,0.0
evt_syn_0316,cust_syn_0070,acc_syn_training,checkout_abandon,checkout.abandoned,CHECKOUT_SESSION,chk_syn_0316,checkout.abandoned,2276.27,INR,upi,0,30,2026-08-01T12:00:00+00:00,SEND_PAYMENT_LINK,MEDIUM,17,10,7,49.45,4,2,3,9422.0,942.2,0,15,0,,0.0
evt_syn_0089,cust_syn_0016,acc_syn_training,payment_subscription_fail,payment.failed,PAYMENT,pay_syn_0089,card_expired,3036.38,INR,card,0,52,2026-08-20T14:00:00+00:00,SEND_PAYMENT_LINK,MEDIUM,8,2,6,69.99,7,4,0,7107.94,3553.97,2,22,0,,0.0
evt_syn_0274,cust_syn_0109,acc_syn_training,payment_subscription_fail,invoice.expired,INVOICE,inv_syn_0274,invoice.expired,5583.76,INR,invoice,1,68,2026-07-17T22:00:00+00:00,REQUEST_PROMISE_TO_PAY,HIGH,7,4,3,71.54,3,2,0,1610.28,402.57,3,21,1,26.0,5583.76
evt_syn_0167,cust_syn_0087,acc_syn_training,payment_subscription_fail,subscription.pending,SUBSCRIPTION,sub_syn_0167,subscription.pending,305.62,INR,card,1,14,2026-08-23T04:00:00+00:00,RETRY_PAYMENT,MEDIUM,9,6,3,28.39,1,0,6,21245.58,3540.93,0,20,1,35.0,305.62
evt_syn_0329,cust_syn_0067,acc_syn_training,checkout_abandon,checkout.abandoned,CHECKOUT_SESSION,chk_syn_0329,checkout.abandoned,1424.6,INR,upi,0,32,2026-07-21T10:00:00+00:00,SEND_PAYMENT_LINK,MEDIUM,26,15,11,13.26,4,1,1,13272.6,884.84,5,30,0,,0.0
evt_syn_0394,cust_syn_0044,acc_syn_training,payment_subscription_fail,payment.captured,PAYMENT,pay_syn_0394,captured,1883.09,INR,upi,1,45,2026-07-14T21:00:00+00:00,CLOSE_RECOVERED,MEDIUM,12,9,3,35.55,7,2,0,13421.25,1491.25,5,26,1,71.0,1883.09
evt_syn_0135,cust_syn_0019,acc_syn_training,payment_subscription_fail,payment.failed,PAYMENT,pay_syn_0135,payment_risk_check_failed,18696.78,INR,upi,0,4,2026-07-18T14:00:00+00:00,SEND_EMAIL,CRITICAL,5,2,3,8.3,5,3,18,7170.48,3585.24,0,12,0,,0.0
evt_syn_0307,cust_syn_0048,acc_syn_training,checkout_abandon,checkout.abandoned,CHECKOUT_SESSION,chk_syn_0307,checkout.abandoned,1444.44,INR,card,0,12,2026-07-23T06:00:00+00:00,SEND_PAYMENT_LINK,MEDIUM,20,10,10,8.66,7,4,18,39339.1,3933.91,3,32,0,,0.0
evt_syn_0384,cust_syn_0045,acc_syn_training,payment_subscription_fail,payment.captured,PAYMENT,pay_syn_0384,captured,1390.69,INR,upi,0,46,2026-08-06T20:00:00+00:00,CLOSE_RECOVERED,MEDIUM,20,13,7,24.7,3,1,12,23505.17,1808.09,3,41,1,115.0,1390.69
evt_syn_0320,cust_syn_0054,acc_syn_training,checkout_abandon,checkout.abandoned,CHECKOUT_SESSION,chk_syn_0320,checkout.abandoned,469.06,INR,card,0,63,2026-07-09T03:00:00+00:00,SEND_PAYMENT_LINK,MEDIUM,12,7,5,30.56,0,0,0,11962.93,1708.99,5,43,1,117.0,469.06
evt_syn_0244,cust_syn_0091,acc_syn_training,payment_subscription_fail,subscription.halted,SUBSCRIPTION,sub_syn_0244,subscription.halted,2158.85,INR,card,3,41,2026-08-08T01:00:00+00:00,SEND_PAYMENT_LINK,HIGH,8,5,3,0.54,5,2,6,2684.75,536.95,0,3,1,46.0,2158.85
evt_syn_0055,cust_syn_0107,acc_syn_training,payment_subscription_fail,payment.failed,PAYMENT,pay_syn_0055,insufficient_funds,2021.22,INR,card,2,50,2026-08-01T16:00:00+00:00,RETRY_PAYMENT,MEDIUM,26,13,13,49.84,2,1,6,32005.22,2461.94,2,26,0,,0.0
evt_syn_0051,cust_syn_0014,acc_syn_training,payment_subscription_fail,payment.failed,PAYMENT,pay_syn_0051,insufficient_funds,2605.77,INR,upi,0,57,2026-08-16T09:00:00+00:00,RETRY_PAYMENT,MEDIUM,16,11,5,3.71,1,0,24,10445.38,949.58,1,19,0,,0.0
evt_syn_0175,cust_syn_0081,acc_syn_training,payment_subscription_fail,subscription.pending,SUBSCRIPTION,sub_syn_0175,subscription.pending,439.13,INR,upi,1,39,2026-07-25T03:00:00+00:00,RETRY_PAYMENT,MEDIUM,27,16,11,40.67,3,1,3,54218.72,3388.67,2,6,0,,0.0
evt_syn_0190,cust_syn_0005,acc_syn_training,payment_subscription_fail,subscription.pending,SUBSCRIPTION,sub_syn_0190,subscription.pending,683.88,INR,card,2,29,2026-08-31T13:00:00+00:00,RETRY_PAYMENT,MEDIUM,22,16,6,55.2,6,1,18,36034.56,2252.16,3,25,0,,0.0
evt_syn_0398,cust_syn_0037,acc_syn_training,payment_subscription_fail,payment.captured,PAYMENT,pay_syn_0398,captured,859.14,INR,card,2,28,2026-08-09T14:00:00+00:00,CLOSE_RECOVERED,MEDIUM,8,4,4,29.39,5,1,3,3523.48,880.87,3,41,1,136.0,859.14
evt_syn_0188,cust_syn_0004,acc_syn_training,payment_subscription_fail,subscription.pending,SUBSCRIPTION,sub_syn_0188,subscription.pending,1679.9,INR,emandate,1,37,2026-07-09T05:00:00+00:00,RETRY_PAYMENT,MEDIUM,19,16,3,14.79,6,3,18,13503.2,843.95,4,0,1,53.0,1679.9
evt_syn_0170,cust_syn_0055,acc_syn_training,payment_subscription_fail,subscription.pending,SUBSCRIPTION,sub_syn_0170,subscription.pending,1433.57,INR,emandate,1,35,2026-08-30T07:00:00+00:00,RETRY_PAYMENT,MEDIUM,27,15,12,21.91,6,1,6,41410.05,2760.67,3,38,0,,0.0
evt_syn_0059,cust_syn_0053,acc_syn_training,payment_subscription_fail,payment.failed,PAYMENT,pay_syn_0059,insufficient_funds,2467.85,INR,card,0,27,2026-08-23T15:00:00+00:00,RETRY_PAYMENT,MEDIUM,19,11,8,43.06,0,0,18,49386.92,4489.72,4,2,0,,0.0
evt_syn_0049,cust_syn_0113,acc_syn_training,payment_subscription_fail,payment.failed,PAYMENT,pay_syn_0049,insufficient_funds,1521.91,INR,netbanking,2,37,2026-08-24T05:00:00+00:00,RETRY_PAYMENT,MEDIUM,24,6,18,15.22,3,2,1,2397.0,399.5,0,12,0,,0.0
evt_syn_0345,cust_syn_0070,acc_syn_training,checkout_abandon,checkout.abandoned,CHECKOUT_SESSION,chk_syn_0345,checkout.abandoned,800.92,INR,upi,0,39,2026-07-07T03:00:00+00:00,SEND_PAYMENT_LINK,MEDIUM,17,10,7,49.45,4,2,3,9422.0,942.2,0,15,0,,0.0
evt_syn_0236,cust_syn_0024,acc_syn_training,payment_subscription_fail,subscription.halted,SUBSCRIPTION,sub_syn_0236,subscription.halted,2984.0,INR,card,4,12,2026-07-27T06:00:00+00:00,SEND_PAYMENT_LINK,HIGH,3,2,1,38.83,1,0,24,1643.7,821.85,1,23,0,,0.0
evt_syn_0253,cust_syn_0109,acc_syn_training,payment_subscription_fail,invoice.expired,INVOICE,inv_syn_0253,invoice.expired,18503.64,INR,invoice,0,63,2026-08-30T03:00:00+00:00,REQUEST_PROMISE_TO_PAY,HIGH,7,4,3,71.54,3,2,0,1610.28,402.57,3,21,1,104.0,18503.64
evt_syn_0022,cust_syn_0012,acc_syn_training,payment_subscription_fail,payment.failed,PAYMENT,pay_syn_0022,insufficient_funds,821.63,INR,upi,0,32,2026-07-12T10:00:00+00:00,RETRY_PAYMENT,MEDIUM,4,3,1,59.58,4,2,3,1025.55,341.85,0,40,1,140.0,821.63
evt_syn_0314,cust_syn_0033,acc_syn_training,checkout_abandon,checkout.abandoned,CHECKOUT_SESSION,chk_syn_0314,checkout.abandoned,167.03,INR,checkout,0,71,2026-07-09T19:00:00+00:00,SEND_PAYMENT_LINK,MEDIUM,19,13,6,65.61,2,1,18,46166.38,3551.26,1,13,0,,0.0
evt_syn_0161,cust_syn_0041,acc_syn_training,payment_subscription_fail,subscription.pending,SUBSCRIPTION,sub_syn_0161,subscription.pending,798.73,INR,emandate,2,39,2026-07-17T03:00:00+00:00,RETRY_PAYMENT,MEDIUM,3,2,1,61.74,0,0,3,624.8,312.4,4,18,1,160.0,798.73
evt_syn_0277,cust_syn_0076,acc_syn_training,payment_subscription_fail,invoice.expired,INVOICE,inv_syn_0277,invoice.expired,23397.17,INR,invoice,0,59,2026-07-06T07:00:00+00:00,REQUEST_PROMISE_TO_PAY,HIGH,26,17,9,34.97,3,1,6,73050.02,4297.06,5,42,0,,0.0
evt_syn_0192,cust_syn_0032,acc_syn_training,payment_subscription_fail,subscription.pending,SUBSCRIPTION,sub_syn_0192,subscription.pending,1633.01,INR,emandate,2,37,2026-07-09T05:00:00+00:00,RETRY_PAYMENT,MEDIUM,19,16,3,71.79,7,2,3,11520.0,720.0,0,39,1,152.0,1633.01
evt_syn_0294,cust_syn_0005,acc_syn_training,checkout_abandon,checkout.abandoned,CHECKOUT_SESSION,chk_syn_0294,checkout.abandoned,1109.53,INR,upi,0,45,2026-08-03T21:00:00+00:00,SEND_PAYMENT_LINK,MEDIUM,22,16,6,55.2,6,1,18,36034.56,2252.16,3,25,0,,0.0
evt_syn_0344,cust_syn_0016,acc_syn_training,checkout_abandon,checkout.abandoned,CHECKOUT_SESSION,chk_syn_0344,checkout.abandoned,2143.72,INR,checkout,0,20,2026-08-11T22:00:00+00:00,SEND_PAYMENT_LINK,MEDIUM,8,2,6,69.99,7,4,0,7107.94,3553.97,2,22,0,,0.0
evt_syn_0258,cust_syn_0035,acc_syn_training,payment_subscription_fail,invoice.expired,INVOICE,inv_syn_0258,invoice.expired,5493.6,INR,invoice,2,69,2026-07-18T21:00:00+00:00,REQUEST_PROMISE_TO_PAY,HIGH,23,15,8,51.26,6,3,0,16056.45,1070.43,1,23,0,,0.0
evt_syn_0309,cust_syn_0044,acc_syn_training,checkout_abandon,checkout.abandoned,CHECKOUT_SESSION,chk_syn_0309,checkout.abandoned,1764.71,INR,card,0,27,2026-08-05T15:00:00+00:00,SEND_PAYMENT_LINK,MEDIUM,12,9,3,35.55,7,2,0,13421.25,1491.25,5,26,1,2.0,1764.71
evt_syn_0150,cust_syn_0123,acc_syn_training,payment_subscription_fail,payment.failed,PAYMENT,pay_syn_0150,payment_risk_check_failed,17788.66,INR,upi,0,46,2026-08-18T20:00:00+00:00,SEND_EMAIL,CRITICAL,11,10,1,44.37,1,0,6,39354.8,3935.48,5,19,0,,0.0
evt_syn_0131,cust_syn_0068,acc_syn_training,payment_subscription_fail,payment.failed,PAYMENT,pay_syn_0131,payment_risk_check_failed,11548.86,INR,upi,0,9,2026-07-22T09:00:00+00:00,SEND_EMAIL,CRITICAL,7,6,1,7.98,5,4,3,16033.32,2672.22,4,40,0,,0.0
evt_syn_0152,cust_syn_0111,acc_syn_training,payment_subscription_fail,payment.failed,PAYMENT,pay_syn_0152,payment_risk_check_failed,6265.76,INR,card,0,48,2026-07-05T18:00:00+00:00,SEND_EMAIL,CRITICAL,24,12,12,51.11,4,2,12,7808.64,650.72,5,24,0,,0.0
evt_syn_0360,cust_syn_0069,acc_syn_training,checkout_abandon,checkout.abandoned,CHECKOUT_SESSION,chk_syn_0360,checkout.abandoned,1096.64,INR,checkout,0,43,2026-07-27T23:00:00+00:00,SEND_PAYMENT_LINK,MEDIUM,20,7,13,23.32,6,2,12,28155.26,4022.18,2,15,1,139.0,1096.64
evt_syn_0100,cust_syn_0052,acc_syn_training,payment_subscription_fail,payment.failed,PAYMENT,pay_syn_0100,card_expired,2053.23,INR,card,1,38,2026-08-14T04:00:00+00:00,SEND_PAYMENT_LINK,MEDIUM,12,9,3,63.89,4,4,1,12762.09,1418.01,5,8,1,100.0,2053.23
evt_syn_0373,cust_syn_0033,acc_syn_training,payment_subscription_fail,payment.captured,PAYMENT,pay_syn_0373,captured,1232.3,INR,card,2,49,2026-07-22T17:00:00+00:00,CLOSE_RECOVERED,MEDIUM,19,13,6,65.61,2,1,18,46166.38,3551.26,1,13,1,57.0,1232.3
evt_syn_0088,cust_syn_0023,acc_syn_training,payment_subscription_fail,payment.failed,PAYMENT,pay_syn_0088,card_expired,4181.02,INR,card,0,42,2026-07-06T00:00:00+00:00,SEND_PAYMENT_LINK,MEDIUM,22,8,14,60.09,6,4,24,19807.6,2475.95,0,4,0,,0.0
evt_syn_0331,cust_syn_0046,acc_syn_training,checkout_abandon,checkout.abandoned,CHECKOUT_SESSION,chk_syn_0331,checkout.abandoned,2110.98,INR,card,0,51,2026-08-19T15:00:00+00:00,SEND_PAYMENT_LINK,MEDIUM,23,10,13,8.01,3,1,24,25085.0,2508.5,0,17,0,,0.0
evt_syn_0215,cust_syn_0080,acc_syn_training,payment_subscription_fail,subscription.halted,SUBSCRIPTION,sub_syn_0215,subscription.halted,2009.88,INR,card,3,54,2026-07-20T12:00:00+00:00,SEND_PAYMENT_LINK,HIGH,25,9,16,60.99,5,4,6,28187.1,3131.9,3,1,0,,0.0
evt_syn_0122,cust_syn_0007,acc_syn_training,payment_subscription_fail,payment.failed,PAYMENT,pay_syn_0122,payment_risk_check_failed,80000.0,INR,upi,0,8,2026-07-24T10:00:00+00:00,SEND_EMAIL,CRITICAL,13,6,7,12.03,5,3,12,19920.18,3320.03,2,40,0,,0.0
evt_syn_0400,cust_syn_0046,acc_syn_training,payment_subscription_fail,payment.captured,PAYMENT,pay_syn_0400,captured,1907.66,INR,netbanking,1,23,2026-08-22T19:00:00+00:00,CLOSE_RECOVERED,MEDIUM,23,10,13,8.01,3,1,24,25085.0,2508.5,0,17,1,105.0,1907.66
evt_syn_0021,cust_syn_0083,acc_syn_training,payment_subscription_fail,payment.failed,PAYMENT,pay_syn_0021,insufficient_funds,2110.25,INR,upi,2,3,2026-08-08T15:00:00+00:00,RETRY_PAYMENT,MEDIUM,9,5,4,48.74,0,0,1,4196.4,839.28,1,41,0,,0.0
evt_syn_0189,cust_syn_0045,acc_syn_training,payment_subscription_fail,subscription.pending,SUBSCRIPTION,sub_syn_0189,subscription.pending,1391.77,INR,emandate,1,21,2026-08-17T21:00:00+00:00,RETRY_PAYMENT,MEDIUM,20,13,7,24.7,3,1,12,23505.17,1808.09,3,41,1,140.0,1391.77
evt_syn_0072,cust_syn_0018,acc_syn_training,payment_subscription_fail,payment.failed,PAYMENT,pay_syn_0072,card_expired,4130.25,INR,card,1,68,2026-08-05T22:00:00+00:00,SEND_PAYMENT_LINK,MEDIUM,21,12,9,2.28,7,3,1,50165.28,4180.44,3,24,0,,0.0
evt_syn_0107,cust_syn_0028,acc_syn_training,payment_subscription_fail,payment.failed,PAYMENT,pay_syn_0107,card_expired,920.12,INR,card,0,64,2026-08-14T02:00:00+00:00,SEND_PAYMENT_LINK,MEDIUM,26,13,13,40.89,7,4,24,12713.87,977.99,0,25,1,50.0,920.12
evt_syn_0271,cust_syn_0013,acc_syn_training,payment_subscription_fail,invoice.expired,INVOICE,inv_syn_0271,invoice.expired,5931.16,INR,invoice,1,5,2026-07-24T13:00:00+00:00,REQUEST_PROMISE_TO_PAY,HIGH,16,9,7,3.17,1,0,24,37287.45,4143.05,1,6,0,,0.0
evt_syn_0349,cust_syn_0038,acc_syn_training,checkout_abandon,checkout.abandoned,CHECKOUT_SESSION,chk_syn_0349,checkout.abandoned,1027.84,INR,checkout,0,23,2026-07-19T19:00:00+00:00,SEND_PAYMENT_LINK,MEDIUM,14,11,3,42.56,4,2,3,12924.12,1174.92,3,14,1,126.0,1027.84
evt_syn_0103,cust_syn_0075,acc_syn_training,payment_subscription_fail,payment.failed,PAYMENT,pay_syn_0103,card_expired,1068.54,INR,card,1,54,2026-07-11T12:00:00+00:00,SEND_PAYMENT_LINK,MEDIUM,6,3,3,12.03,6,2,1,3917.19,1305.73,1,1,0,,0.0
